fipsCode,elevation_mean_m,elevation_std_m,elevation_min_m,elevation_max_m,slope_mean_deg,slope_std_deg,terrain_ruggedness
18001,252.27447207481578,6.474241742478585,185.90896606445312,272.5995788574219,0.7063433840348656,0.8822741728256708,0.2722277424552495
18003,243.92169052082753,10.77347006476064,141.54319763183594,294.2146301269531,1.0149589097730451,1.5031802681270612,0.3978584549347906
18005,206.29153711881716,19.438217996005505,158.06861877441406,309.6960144042969,2.03786151476887,3.009110376211916,0.7851447724700055
18007,230.63958302212743,10.409783274425532,202.1433868408203,277.4518127441406,0.7732343990718679,0.8329809204184851,0.29034397621259594
18009,272.8958808095201,5.977614680040758,233.6440887451172,292.3705139160156,0.954754380207017,1.0193458386131942,0.362067435479933
18011,279.59782030123336,11.429770744674196,235.0177764892578,308.47845458984375,0.85127424791434,1.2577621656895712,0.3234001968296556
18013,231.55242450497366,29.78265041747418,163.85165405273438,322.0869445800781,8.569127647234545,5.754711704446235,3.3600828670748175
18015,208.72676882709627,15.949736471855738,112.3155517578125,253.10635375976562,1.2398299876304368,2.38207843495451,0.46493703075795034
18017,223.35606592140928,15.360297969578562,146.22747802734375,256.4399719238281,1.3102527501732255,1.8590629811121728,0.503154635542442
18019,187.72301595664942,37.480307249305284,94.9027099609375,314.9952697753906,4.628339247589016,6.368338745005219,1.7753749142164839
18021,185.47739698960518,15.983285337666267,154.36477661132812,241.1944122314453,1.8600635575174362,2.2632182411005073,0.7222665013963057
18023,260.25207679448846,17.38850794879749,191.94195556640625,308.3316955566406,0.874339287147472,1.619008987644576,0.32209742412150333
18025,201.583101293711,31.494905101032618,82.07391357421875,289.9562683105469,7.618945150137884,5.350530550866846,2.885413209012532
18027,152.08738006971967,14.350828372922999,104.90626525878906,223.23223876953125,1.9382116680515609,2.3783769636714456,0.7353227406508314
18029,243.99567036463037,45.54250071891584,137.27687072753906,317.24407958984375,6.765808577114439,5.997103515588973,2.621409146316812
18031,275.2551234557892,25.414722594294606,211.214111328125,334.28582763671875,1.839362727184081,2.565117049506506,0.7001622543774633
18033,270.523734335725,15.469565069978344,232.8025665283203,322.3709411621094,1.447971794207489,1.6098939195238389,0.5531779982064358
18035,286.9781852437013,13.346314343070727,228.624267578125,335.6093444824219,0.9783201282121675,1.5003621311548825,0.368239844815557
18037,163.2044801283009,22.43727735575304,103.03719329833984,247.00326538085938,4.487719555066587,3.967632521232249,1.7279631663819148
18039,252.61314072839536,14.378796665543554,218.00558471679688,319.01519775390625,1.1599036316119966,1.4711268429957367,0.4409131982376597
18041,295.1051837716584,26.1550581983357,221.0210723876953,358.2892761230469,2.8255138637202544,2.954413710041275,1.0804560601509525
18043,222.32675508226873,48.273360247963616,119.43063354492188,306.8957824707031,6.436833464463936,6.942513579034276,2.4854722516735217
18045,200.74176323901673,19.332606858007626,144.8012237548828,237.1448974609375,1.671888271104077,3.012219034172682,0.6142472757174237
18047,277.7502488725296,31.62316959699856,161.5360107421875,326.1997985839844,5.05156357717689,5.105799646833561,1.971338288661633
18049,240.1358736754236,11.345960765333459,217.28091430664062,313.6847229003906,1.1955756259783936,1.4679624205429547,0.4506793698895854
18051,134.6080356462422,12.887327135305625,77.9098892211914,194.43772888183594,1.7371994619442133,2.2857209259677465,0.6608864170900957
18053,262.02256126304087,7.965418548608262,194.61227416992188,289.32000732421875,0.9629454606942405,1.4159894439849487,0.3693260308344724
18055,180.27925819166188,29.398641754432504,138.67955017089844,281.8836669921875,3.8237979264111606,3.883361708750239,1.4747042049126495
18057,259.12714713300784,15.903317803036742,149.49339294433594,298.44659423828125,1.0963824600403087,1.5371080017253549,0.42895697267341754
18059,271.30748522498357,14.306428641954057,239.23489379882812,316.3553771972656,0.8393704882793553,1.4570006527856934,0.30873392910466096
18061,210.03620731876873,31.701022716557002,118.4804458618164,296.5100402832031,5.521324921720743,5.529560402336768,2.126279836704169
18063,264.86087050479966,21.225683142554935,201.52699279785156,316.642822265625,1.279058075790327,2.010659948493802,0.4782809681961335
18065,320.80715385443636,15.347962786169665,269.7476501464844,363.6453857421875,1.3008841889433187,1.7969479837286233,0.49067734780458216
18067,252.1784382269932,8.409084392658482,198.87611389160156,273.3858642578125,0.8207292884327477,1.3220229720843795,0.3127440745537334
18069,248.41896846226626,11.074758965154404,154.45770263671875,279.9306640625,1.1995854755271398,1.7999097590191213,0.4652952891863295
18071,189.13579679841337,30.061188841148045,151.95223999023438,297.1930236816406,3.39997131409381,4.955190781780803,1.332956747958154
18073,207.59828497522872,6.468709625823376,171.74903869628906,235.4796142578125,0.6345664800507923,0.9630878341635589,0.2465553138301735
18075,282.44004776377545,15.884781440989435,230.14906311035156,340.9866943359375,1.0003468309525023,1.4406960478663933,0.3685702782170816
18077,232.25933524240725,31.517771969203327,129.3207244873047,296.8934020996094,4.915510084390824,6.49928410256631,1.8997078333390873
18079,215.30805171261304,25.925752887524684,136.90423583984375,273.07342529296875,2.677455972908057,3.324170289748077,1.0314158497814037
18081,233.77485590733707,16.570515054161525,192.53033447265625,310.33258056640625,1.5580224940012328,2.256142605049724,0.5993585783185155
18083,140.03281404732144,13.364511277144514,100.65870666503906,199.43807983398438,1.5733523381074104,2.1850194156791183,0.5857614376377548
18085,261.8111670231301,10.887642298111194,230.33164978027344,311.1956787109375,1.3815591893301864,1.5128507131964746,0.5287261640463333
18087,279.3441026880142,13.730549333189323,246.7276153564453,327.50054931640625,1.3274304718779188,1.6051993626276755,0.5047306838926254
18089,201.0567871443256,14.407470267430979,135.374755859375,243.37753295898438,1.1299458273168204,1.6721989087006996,0.4309365266789598
18091,222.92878558120913,18.95922145583855,176.8605499267578,290.08709716796875,1.1477537747577282,1.8548240094917177,0.4282482280283998
18093,201.04056832887835,27.97175798067523,141.02818298339844,286.0295104980469,5.601843313834324,4.772508318755023,2.1694048219943523
18095,267.79444047641573,8.756066564427359,202.077880859375,309.9302062988281,0.880524664195287,1.36917640123361,0.3378390597688815
18097,239.2231756990648,17.266055486345355,86.22809600830078,279.1998596191406,1.5256995620137588,2.1957497839779827,0.6618281738392205
18099,244.71478324293167,9.817251355704357,213.6077117919922,274.5900573730469,1.1559257623427013,1.3720867932604237,0.438225049544883
18101,178.45486658507164,28.170191412210205,129.3090057373047,264.7911682128906,6.683200191850876,4.939616234687754,2.5520842760423186
18103,237.99291004721326,16.31061774635652,151.54696655273438,273.757568359375,1.529445231848404,1.9592691129417992,0.5849988004940164
18105,221.92179656303352,29.210404275211882,149.37486267089844,303.3099670410156,6.6423608316246625,5.600631844921568,2.599816781026647
18107,243.5550886948963,14.560546245489888,169.0637969970703,284.537109375,1.4095503209532114,2.0802452478892453,0.5439881281261386
18109,219.97419293380878,24.001550854107172,169.8135528564453,295.7271728515625,3.8336933051402347,4.592048188128989,1.5099791908237594
18111,204.5612342081395,6.492932169180222,161.8033905029297,270.97869873046875,0.6109406809053394,1.1566958593535168,0.23336668266928573
18113,284.60469960431686,12.238593040260428,256.8433532714844,327.6706237792969,1.83014808029339,1.8011548091069751,0.7014967796691942
18115,221.68242457007403,40.56652143934192,138.68028259277344,279.6739196777344,8.09096311733757,7.152508144246523,3.078349297862511
18117,207.83461361736914,26.531377875124015,142.270751953125,297.2994384765625,5.871988816884187,4.5194194396258505,2.242970164334901
18119,205.7581847069395,26.487066109343246,153.24343872070312,284.4855041503906,4.338299729255633,3.684363065204205,1.6826568740857792
18121,196.2733378742683,25.04924196399107,139.94309997558594,256.0670166015625,3.246851053327495,4.1143730147533315,1.2716509031423904
18123,169.43578315612652,33.09838000858165,111.4674301147461,268.23626708984375,7.276531975809967,5.041662238938832,2.775251689622239
18125,147.16322739483925,13.120267375831004,91.81355285644531,198.6051483154297,3.025440669846695,2.943603929618945,1.191599106900802
18127,212.43638775791095,17.378081405028496,176.85049438476562,265.4742126464844,1.310207601552578,2.1369006219301436,0.49797827661163097
18129,123.41571224353055,13.055695468591889,100.70050048828125,178.63308715820312,1.8579770852828417,2.3552364567883,0.7216940585968618
18131,213.3073059944081,5.431487262044316,91.47901153564453,239.41004943847656,0.6975189034896755,1.0941040616425186,0.27280816145981107
18133,241.56121330507415,22.455020577665156,174.5546417236328,304.1488342285156,2.864332832813878,3.1030001770692546,1.1204680546491324
18135,331.36426384746164,22.36547576036631,254.49766540527344,378.70941162109375,1.0449893444078575,1.4755748961279176,0.38764882774628495
18137,285.46409331239545,17.242884924530546,179.07656860351562,324.0216979980469,2.676654801144129,3.552243405286697,1.0531362259784058
18139,297.4584881097046,15.805556627284394,246.16905212402344,345.66119384765625,1.0611217805691167,1.7276864835329986,0.3911854741525363
18141,235.93647929291637,16.659291385623852,197.11495971679688,282.42340087890625,1.1458367867795871,1.6611307695493707,0.4313215552138733
18143,188.1131522195373,21.027679416434495,137.0206298828125,312.43304443359375,2.9444615127947107,3.9893854055396205,1.114846017608027
18145,239.86899628695812,16.32464416840856,176.17758178710938,287.0576171875,0.9829684108192807,1.8062818739912947,0.3618144575571734
18147,132.1766045971772,15.050446795757123,109.13978576660156,203.15643310546875,2.8085763386117275,3.0139791196294405,1.0873153746269093
18149,213.67763974561367,6.281780143445345,200.53424072265625,236.83885192871094,0.6646292075437995,0.9907649670739483,0.2555672492386081
18151,305.25674722326306,13.233423318066746,266.3620300292969,368.0022277832031,2.0476972306521124,2.0531523472018325,0.7810787267857644
18153,154.45854717226135,13.807568252724353,76.80571746826172,215.1858673095703,1.784522874130193,2.4340174978536715,0.6812974980055198
18155,232.01904899178044,41.00286915474408,130.10882568359375,300.2729797363281,7.406771363488358,6.5534470059257215,2.863545929575795
18157,207.7727905089864,20.943147338324348,152.89584350585938,259.2684631347656,1.425826158843151,2.471398730727407,0.5440603949713593
18159,267.9184943760971,6.095089888383876,248.9254913330078,284.55731201171875,0.49956182549477296,0.5717534538034162,0.1918925614421166
18161,298.36252850357323,27.81133925604012,226.497314453125,347.0267639160156,2.5122611788246423,3.286520274518255,0.9499512225808422
18163,129.12961864588786,15.495660729811183,103.87347412109375,185.1548614501953,2.2250816336224193,2.5351745232480227,0.8640901179083513
18165,178.41173073070257,16.431053126696852,139.94309997558594,209.21670532226562,2.182456735173349,3.614802193574959,0.8114641086219506
18167,165.00038594075366,15.811295759843746,133.90150451660156,261.10430908203125,1.7021057369366792,2.4367818608052754,0.6588875199356526
18169,242.2710183409594,13.768783891294325,151.32923889160156,282.5643310546875,1.524301319036848,1.9705671697773763,0.5884872996536084
18171,208.82687112147693,17.61095329334992,147.6640625,254.08599853515625,1.7390853267130575,2.9719776336960857,0.6421980514897336
18173,133.1113386627059,13.706307256599505,107.31999969482422,200.6793212890625,2.5804128915896367,2.6931281522673722,1.017932656578051
18175,231.3330696635452,32.94203845632854,151.95223999023438,319.67120361328125,5.07031117073967,5.537122874721545,1.9659502484188005
18177,319.9471374598742,24.486015479466996,241.25506591796875,382.4015197753906,1.9306119515596774,2.2182365704604856,0.7406926959620462
18179,255.4888372674568,6.811620274329903,195.85479736328125,285.0489807128906,0.7065339374104012,0.896326545219676,0.26799076915186676
18181,211.427263891842,7.328994080222406,160.707763671875,264.942138671875,0.6852806054205077,1.2486537065111043,0.26371333222494714
18183,264.8309214275827,12.0223588133887,228.54086303710938,303.51690673828125,1.7669013441539456,1.7675137666084537,0.6751329931998615
39001,261.81055700328324,41.6353326566093,147.10287475585938,389.3152770996094,8.093903876887294,6.909117751442089,3.129211640038354
39003,261.92106640070153,21.05480083967455,144.2728729248047,326.4520568847656,0.8938061395545959,1.6249966150531299,0.3270057349380369
39005,344.51798750672725,27.86719578869814,276.267578125,429.0252990722656,3.297357185717932,3.770598872260666,1.2390063841328882
39007,275.74758959516066,42.101982697334776,174.25924682617188,361.98309326171875,1.5181248379021504,3.1073481780591434,0.5501608462865293
39009,245.72204948682756,27.108405510035514,176.91265869140625,327.25579833984375,9.872502854944111,5.898499195340862,3.8715272765261566
39011,282.70714316033406,21.616021859741522,181.35191345214844,335.4617004394531,0.9028168523716307,1.3797181927501674,0.33486583804752784
39013,339.09390933295816,40.75064672801284,189.62083435058594,456.4031066894531,10.709725651023343,6.557561610074229,4.0984266719488325
39015,275.19704542182706,31.214663762778667,147.10287475585938,342.5669860839844,3.6310017922500064,5.419771191166034,1.3990805540843443
39017,236.46018485777492,36.799731001342494,158.8407440185547,320.2505798339844,2.8407444710131715,3.2389746150363368,1.0571908171643354
39019,344.17776502097144,26.19931826647258,271.931884765625,420.7974548339844,7.481661412796365,4.912165861631373,2.8198686827039325
39021,343.3779386561699,22.136974889209363,288.1526184082031,422.4636535644531,1.6734894251676045,2.134074500080617,0.6276508325397224
39023,321.4090856524517,28.452927635652806,246.87933349609375,396.3910217285156,1.5587120090188513,2.0428556730128804,0.5867299357230317
39025,250.53272857994838,31.88699029094713,142.34228515625,297.7151794433594,3.61432444579435,4.970958069267918,1.390045136270675
39027,312.9310289091407,16.504129825714063,239.73448181152344,363.7501220703125,1.4144090997050018,2.0733859113630952,0.5348484919509083
39029,348.0023802315968,32.20791837572652,201.72479248046875,437.8312072753906,5.9644341868220145,5.394833685620306,2.2589209232316976
39031,289.1638411401015,35.244215393034374,217.8417510986328,398.3179626464844,8.22460105323853,5.446924443288049,3.1201462361813825
39033,309.89469934602596,18.513742139544973,260.81964111328125,376.8623352050781,1.0532829501626022,1.6314171054427473,0.39238751497455915
39035,265.5398622572763,50.98255706013601,172.59426879882812,391.84375,2.6340393144623673,4.699039176856518,0.9593491739003762
39037,318.2804971029691,14.740666653812236,283.4924011230469,377.0364685058594,0.9556448406106373,1.3797489733382269,0.35772010501507573
39039,223.26885922277035,12.366138025120497,197.23646545410156,268.6375732421875,0.7441913324215925,1.5380377790964412,0.28585602918897246
39041,291.9478982045284,19.678972536764718,229.5595703125,377.98577880859375,1.3020303753780023,2.049591244028185,0.4987534582702401
39043,204.61771713176515,22.503000222949705,139.32774353027344,272.0499267578125,1.3492932988515454,3.1251968999907693,0.4549451688133245
39045,285.32081081968664,25.20489850256187,227.4862823486328,378.046142578125,3.591817617971147,4.4570704056641866,1.3693203576301842
39047,300.04317862342674,18.736784469154596,244.951904296875,343.78759765625,0.9336265640251308,1.7567913787992038,0.33786802781861885
39049,257.69139227586527,26.94640989236109,162.90069580078125,344.8207702636719,1.312830072394941,2.254129645482428,0.506099182357491
39051,225.54553862748986,10.426412519942438,198.4029083251953,261.4048156738281,0.6921906913590143,1.063942960261914,0.2752738922032655
39053,222.68630595557931,28.192025494616864,157.64288330078125,320.0135192871094,9.525872645125444,6.046700103934432,3.7164563857773563
39055,353.2942946514684,25.631382960467942,234.06576538085938,422.870849609375,2.522668580056337,3.0651817196468727,0.917225581444468
39057,296.72160215528964,26.767405539483075,221.93289184570312,346.3724365234375,1.796444130519557,2.4163383581694196,0.680766165982535
39059,290.1688227810279,30.355672731275234,228.02703857421875,403.6038513183594,8.383000482974095,5.594837551588322,3.196102062643781
39061,214.59401322711273,39.50958309524218,138.3568115234375,326.1068115234375,5.1972710502165755,5.36479028548192,1.981388881723397
39063,247.9060753670367,14.644004633545787,210.54335021972656,296.7294006347656,0.6927598381106491,1.1456039892077983,0.26560756818462616
39065,299.4256805049444,14.840203665460743,260.4551696777344,349.6936950683594,0.8807924497612394,1.2672855553786777,0.32930064327851366
39067,334.9130265858361,31.077945482271762,259.14691162109375,414.8060607910156,9.10143896024556,5.554439847106878,3.444118583963257
39069,212.2710482719013,6.865869571254207,164.21690368652344,230.0204620361328,0.4777033447330895,1.1124641561972064,0.20144204605525914
39071,304.1163289103366,24.21919927619549,212.45152282714844,407.8428649902344,2.9195505348123425,3.406361081398126,1.1203343569635438
39073,277.66816291013765,31.44007532460089,196.802490234375,370.6482238769531,10.439255113588487,6.26065424307598,4.05663089296136
39075,330.512388964125,34.9526728418516,241.87643432617188,423.2928771972656,6.579807382424278,4.852186622739896,2.4730161841452705
39077,271.38932416978645,30.0265920399377,183.1393280029297,365.3250427246094,1.297245763623835,2.238006989254253,0.4756086306821558
39079,237.43746478342987,22.57984974691293,179.57232666015625,313.7449951171875,8.120029249379103,5.445374319945682,3.164435761477878
39081,329.6694857451587,44.46270847064292,195.7272491455078,441.0481872558594,10.642938030937431,7.301593991740105,4.051085822464166
39083,340.1589790418887,29.804248959783518,253.72874450683594,434.4792785644531,4.100983962799163,4.0380671991835335,1.5491084262534107
39085,232.85925119761404,45.73810071399284,173.32861328125,379.9710388183594,2.7830922034610444,5.318166843030378,1.0001120161672616
39087,231.18072003805125,33.02588649862495,155.2650604248047,320.7911071777344,12.515246675436217,6.707095997143744,4.892425003913636
39089,314.4406723171614,32.981628267461375,228.5502471923828,413.3369140625,3.9675252109875334,4.239795955723012,1.5069511698930804
39091,342.7801231768188,36.1225504413276,289.7193298339844,471.4251403808594,1.8421826333432383,2.22733936697611,0.6998582240615813
39093,240.9965421722379,29.928457109841347,172.9255828857422,342.520263671875,1.2560636938063678,2.9507213740977507,0.4506432468669468
39095,193.36981470978264,11.50803585910738,101.77913665771484,220.71389770507812,0.9592695887977923,2.1213891281035546,0.39567526781958123
39097,306.4352438706307,19.023542129790997,253.33346557617188,366.7001953125,0.8522954054588376,1.9385559557753458,0.3054354563368695
39099,332.7053623637549,25.68276967258093,241.87754821777344,432.7399597167969,2.134892586693184,2.5112128204054196,0.7918664752306751
39101,290.03068962264115,11.345735530089435,261.6486511230469,337.9900207519531,0.7470285559491187,0.9657167835117376,0.28350765255196547
39103,318.56335726833476,32.002472676664,235.13955688476562,402.9117736816406,2.1597692247269156,2.5635735672009083,0.8019234478737789
39105,226.58092937242372,25.70597884227256,163.903564453125,306.836669921875,9.863342691778884,5.956088151058671,3.843155392639611
39107,269.7108706945235,17.78587747403348,206.65255737304688,327.5027770996094,0.815956693274271,1.4337200814614792,0.29774718380217025
39109,289.17382153902406,22.153182596192465,228.8229522705078,353.72723388671875,1.1779523780090049,2.086225021991312,0.43145898738504046
39111,319.41757363295625,45.827125049743984,183.3916778564453,429.841064453125,13.360814119091637,7.100573898129176,5.174599194888204
39113,273.497041414589,28.51442892946608,202.67477416992188,334.5318908691406,1.8217649002538827,2.500364051519342,0.6855690842085357
39115,270.4026124194128,29.414426935589344,189.068359375,355.1602478027344,9.421016000295346,5.490253764810069,3.6491043189135692
39117,355.76260591120285,40.92315978617296,276.1593322753906,452.7398681640625,1.7680944153101392,2.5896423060788694,0.6470296516649203
39119,271.6411564029193,29.83055126992575,201.6529083251953,390.93756103515625,7.520132684003206,5.072185476379536,2.8958682441486654
39121,291.8242041639888,33.029810556983634,198.6165313720703,411.1663513183594,10.23927538643106,5.605631714666128,3.9006711697492324
39123,179.740905941413,4.978464248696659,125.55651092529297,215.2061767578125,0.6072944181866018,1.452378963025717,0.2553252667509719
39125,221.7306094239626,4.391851881879812,184.15223693847656,245.44509887695312,0.3785818275026535,0.9633076974594073,0.14937536119236908
39127,287.4603208304705,24.130554236638567,192.1243438720703,364.2786865234375,7.002317718151876,4.788805794341468,2.7255905554106814
39129,238.87474125363735,24.349370066010188,190.7686004638672,334.34588623046875,1.3154895950648302,2.3744181046685577,0.48265534350588163
39131,254.19388790604242,53.263336164965644,158.27381896972656,406.5199279785156,8.929276694148905,6.940842662443277,3.436294480050676
39133,334.27999070398204,23.17614064891978,276.9520568847656,409.5212707519531,2.081436060755954,2.337468868408482,0.7771806529603016
39135,316.1178969768657,27.54238314449611,227.71096801757812,377.1121826171875,1.7741885897622782,2.3405456814844383,0.6714569759853146
39137,225.7829163944372,5.603148360277837,179.5292510986328,250.4708251953125,0.3919754385812677,0.7695934888495048,0.15412061718626188
39139,365.32034489573704,33.290270589554176,284.9349365234375,460.3458557128906,3.1812913841435257,3.448175885959544,1.1840755452186678
39141,254.54704661610089,43.702662950695895,169.5101776123047,412.7889404296875,5.7729448616759385,6.051215795839419,2.2253607936583584
39143,198.52701120967677,14.861765670647467,145.57357788085938,247.234619140625,0.6836157857835169,1.7462951161870892,0.2626679038341256
39145,240.736282152059,51.92087896284887,147.3162384033203,407.274658203125,11.426626879010021,7.992898169495822,4.478069268915256
39147,248.0104219732314,22.975516174560365,159.1414031982422,305.5888671875,0.9525580989285609,1.6245397476235115,0.35358763578719626
39149,306.7558245463546,12.876866624770585,240.396240234375,351.1749572753906,1.1781650740800982,1.7685357035544855,0.44519118187192463
39151,336.6476540535308,24.8212626937952,270.1229553222656,411.506591796875,3.3479133924288043,3.3739272122374606,1.2673166805742455
39153,316.13826579881425,30.182412136453404,185.09230041503906,402.0727233886719,3.08340179024981,3.685096930853749,1.1567067896349683
39155,296.35545509995416,28.72426060296805,240.50808715820312,389.06884765625,1.3892215294540373,2.0920395437064205,0.5064772744405209
39157,309.71156833332566,32.856828461852224,237.55050659179688,417.8645935058594,8.410464397930486,6.1056746921628395,3.209121453296004
39159,304.2703242462188,13.181878017288565,270.45263671875,347.9749450683594,0.9399987217161925,1.3509860158826308,0.3524384538355334
39161,239.754450964105,8.665615223805567,189.74195861816406,262.4607849121094,0.4379320314684742,0.9101392794784068,0.1619409451725222
39163,255.06539604103048,29.757930583075638,175.31253051757812,348.87255859375,10.549581318953154,6.438165890785819,4.139099774204486
39165,257.66790654345533,28.13696423646815,171.94996643066406,328.5505065917969,2.5898951620207065,3.4337929147021717,0.9860113146291772
39167,249.78888960998668,34.6804518465832,176.92630004882812,370.52691650390625,10.689869334357773,6.6248976199066085,4.133623351269295
39169,327.4521947008952,27.525137816532204,254.12139892578125,403.1950988769531,2.6476522277834547,2.788703971209024,0.994524684427862
39171,255.94514422445062,22.95699438357452,206.81053161621094,332.0632629394531,1.2160548569321867,1.9552590415021969,0.44905533437248046
39173,205.6121236073416,9.48411096089844,158.33473205566406,244.11390686035156,0.4891954115988091,1.4273648825259886,0.20411451505048916
39175,263.19388008550675,12.619180906462228,186.451171875,299.3876647949219,1.1224462113108116,1.8083673995366143,0.42422598292348906
42001,225.50551222468545,98.4332610837119,61.60092544555664,628.7158813476562,4.427064864346842,5.025908564237357,1.6206888064998861
42003,320.68128425830434,42.114402184728895,208.1260528564453,427.6219482421875,9.08897050816572,6.485704931501609,3.457775624853289
42005,371.39147762042865,51.46608812049297,227.6999969482422,531.4711303710938,9.82742167814889,6.972801540302784,3.686329775113689
42007,324.0627471921655,41.788501630434936,202.4143524169922,422.0237731933594,8.741324226552182,6.414071317650418,3.3417027069231975
42009,443.55847821715986,108.15736553558357,218.44509887695312,959.9168701171875,10.159083951571745,7.4345480650933,3.7679693219444688
42011,168.38456422239233,72.5384585479301,11.685196876525879,514.740234375,5.958053079785695,5.347422845974486,2.2854667280483176
42013,460.37973851224405,136.77218562223698,216.4388885498047,899.82177734375,9.678568947746024,8.200131586770361,3.5835427920186764
42015,419.27695564988926,102.19324538805219,190.8000030517578,742.647216796875,7.7143513802465495,6.120747748572145,2.8309172949115897
42017,101.15930751866121,55.501377650991415,-52.400001525878906,299.07598876953125,3.2876796011720963,4.103362115339641,1.2520322214807047
42019,381.4083620907691,36.200096153218745,227.80441284179688,484.4583435058594,6.56278960161151,4.626466959980598,2.4593378477627774
42021,590.697049532275,90.13402464672623,335.90789794921875,871.8472900390625,7.2473899247736835,6.113991097577273,2.682029160265866
42023,515.5158313373568,101.73918019281933,225.9837188720703,721.212158203125,15.193221477221323,10.435796888650192,5.880464427348635
42025,382.20857032607285,121.47978612119819,113.87443542480469,667.5169067382812,7.201165262771411,7.605587051032739,2.802622805155061
42027,451.8380195902915,117.05854762620955,175.28395080566406,801.198486328125,8.682857878447173,7.845699583813724,3.3208049328210105
42029,134.94768348481622,44.34225266237211,5.5,327.4887390136719,4.833872658899563,4.313795736915014,1.8581403368321945
42031,429.3694076257792,47.55930978666906,250.5213165283203,581.6197509765625,6.951486525104236,5.911393046880284,2.5378247916867833
42033,501.33371607323164,75.88176063790131,238.39541625976562,730.187255859375,7.615110674032301,6.37861978135458,2.856053407993915
42035,443.2376560671961,126.88272321885688,159.60000610351562,722.2222900390625,11.795825041875583,9.941820519964171,4.547690853252281
42037,297.8392924214077,91.47319309490962,134.3742218017578,734.0110473632812,8.470187247701679,7.177920472226595,3.2727655613006608
42039,397.356080108174,57.30242655680119,259.5867004394531,582.1404418945312,2.937285616259251,3.2645291590324668,1.0687766331217419
42041,213.48622318189314,99.45673818394076,30.070520401000977,692.5923461914062,5.167267362333105,6.318126174765577,1.9455025025749706
42043,203.29045150524692,95.72844483532651,21.53173828125,539.5221557617188,6.74777724269476,6.6437787618599495,2.701901155728773
42045,70.63565910937713,40.46932644214168,-59.2166633605957,151.24935913085938,4.318075872993492,4.649383495337646,1.631272434247278
42047,542.2870023453778,69.9325495444119,269.3223571777344,723.8648681640625,8.148123007452108,7.320291371965967,3.0369440546087048
42049,361.7494091785579,92.42249573157778,174.12960815429688,581.3519287109375,3.1450618821710052,4.328096602638766,1.119116278629484
42051,462.03655706169644,148.8889269473713,225.22946166992188,913.312744140625,9.228888414426438,6.918469643230543,3.4629322027680556
42053,482.79326988834947,52.48286068310883,314.4644470214844,596.0154418945312,7.0948269258009375,6.324667413267235,2.6041505001389726
42055,271.9239764948247,111.62608665771765,123.10147094726562,748.7958374023438,6.395657547234783,7.149364649612949,2.3499776309800953
42057,339.9564501573002,113.5356808190325,128.4667510986328,747.3231201171875,9.576712429424939,7.097748527524336,3.522754331826328
42059,364.01193517014656,44.138162766811696,232.60000610351562,511.716552734375,13.180286990848005,6.271018271591906,5.004882072945441
42061,347.353362493605,106.30836264891869,158.772705078125,737.3460693359375,10.194415863873344,7.856375368842579,3.7751248691273487
42063,436.42738053139124,72.80105505985136,248.81619262695312,656.207275390625,7.991441415869716,5.917759904008175,2.9746679269927543
42065,479.8658005962063,48.153011014910504,331.8222961425781,660.939208984375,7.196459310958572,5.558638819600123,2.674309388905565
42067,261.8992272156864,109.08031421171039,117.3521728515625,678.1981201171875,9.57889107555782,8.127960962042463,3.662560125915759
42069,445.6070659286998,108.64539351160485,164.0971221923828,703.7897338867188,6.37085623156234,5.679746129915805,2.2991345499106712
42071,140.31839328340834,43.005912040239586,32.693485260009766,359.25213623046875,4.140061923539542,4.3671953153522685,1.5678828466618406
42073,335.230858197575,40.70919078761768,223.7139434814453,442.9215087890625,4.781674370067373,4.719009270888242,1.7909254281760876
42075,184.4230111359793,66.8341633166047,-21.79238510131836,499.6873779296875,4.81010327535078,5.209541134738481,1.8443312187072345
42077,174.47717144687755,55.708534280861535,60.8138542175293,505.9240417480469,5.426496708020597,5.693713805547741,2.0352798117708653
42079,386.1651984857099,123.47809555662667,144.5198516845703,747.2994384765625,6.762439007159839,6.356506050097917,2.5817254903440716
42081,396.2577559825639,141.19836635659655,139.13311767578125,732.0244140625,11.159434503820721,9.155756492997602,4.296639133483863
42083,585.309264929942,68.75720695201387,391.8582458496094,746.9524536132812,8.921261331891113,6.916368566313193,3.3210016532197955
42085,369.638538296286,44.75813090012603,247.26080322265625,495.4503173828125,2.8522735524473055,3.218600775007473,1.0400340653598674
42087,320.6428502127532,129.53251048240764,132.52000427246094,713.3943481445312,10.301199692909268,8.90646970640095,3.938684203693113
42089,377.4147097233821,148.9804532113699,87.96366882324219,674.6177368164062,5.359247641802509,5.900387330475684,1.9987341531466787
42091,88.10465123796232,29.750178215157067,-85.7848129272461,217.2122802734375,3.683167575926233,3.952244653331749,1.42513876794751
42093,214.27878979200165,53.94323482568559,131.6309356689453,422.81378173828125,6.704353295530807,6.906303423102413,2.518687084320926
42095,171.18971587152572,65.78709421184811,18.498748779296875,514.3657836914062,5.299005842654133,6.497474454207538,1.940095262292565
42097,234.75164129317926,80.56957991054931,116.99219512939453,545.2539672851562,7.906299143641127,7.342817614762418,3.123484437382084
42099,259.23355437177895,111.05723361638944,93.32133483886719,692.79248046875,9.527580964228061,7.537966688020699,3.66960426955659
42101,33.04425511767178,28.66991976939417,-9.647455215454102,136.06259155273438,2.599439024511275,3.905596005189663,1.0142579912665903
42103,382.4611954040513,91.94079081501796,99.77639770507812,645.8104248046875,5.513619641069516,5.966255559867046,1.9678101790849758
42105,611.1390033276941,82.49715184054403,0.0,787.6239013671875,12.448135146570172,8.258107497463469,4.703951871139215
42107,323.1990433480624,104.0305386695831,116.64224243164062,637.9669799804688,8.42279804923196,7.027904292940332,3.326933072756793
42109,255.39468067974587,113.94650919753524,118.84333038330078,666.3804321289062,8.222160929233855,7.0725666196562775,3.2066307898336994
42111,669.3369307952674,95.9145858960071,317.3655090332031,978.4431762695312,7.540660421018343,6.355640146610484,2.8006219153267686
42113,545.546243478202,101.18616731494566,233.41636657714844,787.7244873046875,8.935211699850784,8.104846677144469,3.348568069059793
42115,436.8531035868564,77.95070677010185,229.54786682128906,820.904052734375,8.048643575415706,5.743543818864762,2.886792325491866
42117,525.4870232616892,87.57517992299304,254.10874938964844,769.7767944335938,9.16653904374134,7.27543566192015,3.421186124681537
42119,288.5629091405365,140.5699559059469,128.8614959716797,661.3832397460938,7.783712407900053,7.566036318713387,3.090071550742795
42121,425.91198656908625,45.409196504699565,263.98541259765625,532.2752685546875,6.139075683160268,5.745607904649004,2.267301804636798
42123,497.8153537790379,61.44974908719126,328.75067138671875,680.9857788085938,7.68599148056637,6.107472843924785,2.8427173909267003
42125,349.19005584153354,35.14966755570019,219.78851318359375,474.7874450683594,9.564966294247172,5.258680951556501,3.585037396721108
42127,448.26645151446536,82.69778843226486,204.70205688476562,808.2857055664062,6.373370900590866,5.738065071842158,2.2628118825784522
42129,403.0011338897887,120.35566787375596,220.1300048828125,899.3005981445312,8.389631864885501,6.312047636553159,3.1152953976880804
42131,388.04278470962447,141.6749040555543,168.08213806152344,726.8211059570312,9.016141439072753,7.583685434719112,3.3506859416650685
42133,185.81611414365273,50.53884610589172,32.47999954223633,432.20648193359375,6.071014338045608,5.231358181553862,2.3161030837854644
54001,517.1443976001023,98.6642483666261,309.9222412109375,958.7389526367188,12.097576096766867,6.993572758242379,4.612579617636748
54003,197.19001210615667,81.3376241222862,40.36000061035156,660.6517944335938,6.061191177848108,5.972867669358472,2.2505017486848753
54005,419.04524625306243,127.24964276478354,186.17535400390625,1060.777099609375,22.900892404125266,9.721333205322088,9.36696874704603
54007,368.1295729879481,69.45563616211089,223.75697326660156,664.6661987304688,17.83603816714721,7.683761527883101,7.043966065873134
54009,310.5343520638558,51.353592205186544,195.81004333496094,417.7818603515625,11.398653514618571,8.244511563784851,4.2949130766629064
54011,231.28986768341085,38.7584219378781,157.5732879638672,357.42193603515625,14.307121214564246,8.001204006114303,5.643151479185797
54013,299.8946562474146,44.104871150158736,191.19882202148438,478.8955993652344,18.66469214471376,7.909026668651518,7.451806906604532
54015,362.4420437334334,63.014656362093454,185.54330444335938,566.2162475585938,18.72014861161327,7.657055059590574,7.467478160856749
54017,326.91290901794935,41.52810530549657,220.62974548339844,486.5267639160156,17.393309530800014,6.860186782294053,6.806345140481049
54019,606.7730151080361,170.95671023935836,186.8000030517578,1054.8876953125,17.128010964655672,10.458618852023175,6.934344795495523
54021,310.46727181578933,44.51845858053156,207.2417755126953,480.2842102050781,18.1597090562857,7.3002563915733685,7.200613444155567
54023,636.9802627785641,238.20699510774932,257.3331604003906,1262.3289794921875,12.55706849603724,9.379163062377055,4.852022910033419
54025,801.6429220888506,167.471616475164,464.3125,1336.3621826171875,14.772424326213521,9.36055644319508,5.965285716340601
54027,373.8047753134247,115.71342983633362,152.8042755126953,928.8110961914062,11.626411359855457,7.977010127373027,4.508750027415708
54029,314.5375117762933,53.033812109461984,196.56300354003906,416.47283935546875,10.72557357383148,8.226774349544367,3.9828557671500486
54031,532.3257499019978,164.17220572911822,217.97079467773438,1015.830078125,14.237753373482645,9.293603097820263,5.568311047655428
54033,362.1458303671948,38.94165154786389,265.5501708984375,561.9140625,13.60968698722938,6.86152126284533,5.274355932460806
54035,245.87733996289552,36.431681155844316,170.01608276367188,371.28179931640625,12.82044752167252,6.5339287910503865,4.992458565588265
54037,160.00037832327868,44.09564829584811,53.326560974121094,516.4201049804688,4.181317581522976,5.2697697155360945,1.5139708856999428
54039,317.3012591666842,94.87876438291947,172.16000366210938,848.997802734375,18.536377544518135,8.922013927925907,7.4503473675317835
54041,370.48706625222377,50.179085826691896,233.15855407714844,595.3453369140625,15.98612559734195,7.1691957246979685,6.247140146602502
54043,281.65986035788603,48.5102450058607,166.11082458496094,504.48468017578125,17.98268068686655,7.453731878278384,7.16456794451872
54045,425.1112981214071,122.82890744675606,181.06292724609375,872.03662109375,24.807543706238654,9.537323137515951,10.237443776063067
54047,590.4215024201422,111.47654246153114,273.7066345214844,1033.0457763671875,23.449884576503585,9.009214840762663,9.771695773144272
54049,371.35395982959756,50.62710099326923,261.05999755859375,609.2329711914062,14.445208794156846,6.848728755632011,5.541289196784375
54051,342.3426659185925,59.74986631177019,189.22360229492188,486.73046875,15.505883933853852,7.944307137260964,6.008307563483921
54053,221.26095536925803,32.36573050985092,157.64288330078125,332.4275817871094,10.967941769170336,7.116439264776894,4.298701999157104
54055,762.1683375969999,88.60472569670274,442.6282043457031,1234.1068115234375,15.31344620907283,9.059480407736475,6.186343843869944
54057,395.07154196532605,181.359083796904,163.1304931640625,966.212158203125,12.406718766344266,8.661603209237207,4.797908136013345
54059,394.5026677091685,97.32182020709973,176.03395080566406,762.9501953125,24.395663864676177,9.357758941956693,10.0204983996662
54061,399.4718675483401,95.30989876658332,238.9430694580078,781.0501098632812,12.982789865795274,7.310112439802869,4.965819995908366
54063,704.3355775351262,125.77254045742005,441.564453125,1233.705810546875,13.590981599518837,8.672223227125947,5.457361025325804
54065,271.73370987376023,98.27846589268773,111.81737518310547,710.2952880859375,10.860580653088228,8.29966843280069,3.9979203978821496
54067,630.7284782682998,150.91737110871006,203.84156799316406,1175.498046875,15.766787433962461,9.275842278765374,6.232107533692439
54069,330.4270037031033,55.64019470014046,189.6216583251953,437.1486511230469,12.101836262287428,7.213643537815949,4.551642174178107
54071,788.5209256476223,209.88705369506718,353.8377990722656,1482.3236083984375,17.625454079232842,9.728765582025174,7.007443893209528
54073,265.8451458322837,42.842479330672234,177.54837036132812,383.6434020996094,14.346515227076665,8.04595181204057,5.550103566293918
54075,979.803167582369,177.41644579870382,598.7967529296875,1477.8092041015625,15.681331244819255,8.661918205934953,6.2224797746207425
54077,624.9850884253096,122.01823565806706,266.30999755859375,1042.390380859375,11.226650038736834,7.80646430847747,4.294485089208753
54079,244.31266862244775,36.88764632214964,163.7606964111328,372.0705261230469,13.847778242214789,7.343215017528618,5.4768770841803756
54081,698.0712468129992,132.94478362445417,248.81463623046875,1086.0877685546875,17.64802869534076,10.869161400869027,7.210945189841408
54083,901.330092256819,188.4699318640432,526.0812377929688,1453.811279296875,15.1173827690335,8.598389490086358,5.881900168546722
54085,289.8941170545494,36.16112202532108,185.11212158203125,429.9215087890625,15.123271762017865,6.6328209766016455,5.911468525315331
54087,288.6891005421506,36.893251796723895,187.90225219726562,475.67828369140625,16.239488780845285,6.836869855626129,6.4416704003123115
54089,664.7253348165427,141.0736691158283,374.2864990234375,1197.099853515625,16.85051665828855,10.136231645109593,6.8685304520236965
54091,410.2660448075675,59.52801356919272,266.9782409667969,631.3558349609375,12.908897575877878,6.656546479274457,4.933139308283098
54093,851.020231711248,200.0449715208616,444.1065368652344,1357.4622802734375,13.671084590338127,10.261392417138474,5.333813110846648
54095,285.9719900333224,44.422771301159145,183.27528381347656,453.0915222167969,14.246203512532084,7.169586583770937,5.515238082617032
54097,553.3440206023469,100.7785521374302,314.5813903808594,953.7726440429688,12.87395513850972,7.157332984631228,4.963334550891782
54099,264.4137291624836,52.438442507788714,157.0500030517578,473.650146484375,16.96240048770724,7.838784112330835,6.722977427791414
54101,742.8902423411948,180.462015415638,285.830810546875,1226.353271484375,18.41955969215137,8.600120081720585,7.25006160932842
54103,352.04159733076585,61.00405341310745,183.4707794189453,511.16058349609375,18.944149686126426,7.306317925495365,7.416050269570938
54105,261.89011266191693,39.95899640434239,177.8769989013672,400.446533203125,14.81099377935607,7.104400192217634,5.8052327371827195
54107,238.72854047209407,36.33885221951606,171.8000030517578,399.5663757324219,10.669338889638315,6.561234078043151,4.128878583514592
54109,587.996836077473,122.14252939729154,272.6065368652344,1084.148681640625,23.198537874398756,9.304461330390575,9.592822242996133
