model,horizon,fold,rmse,mae,n
C0_direct_osi,osi_target_t01h,0,0.0067469594960947645,0.0027580723020106143,6864
C0_direct_osi,osi_target_t01h,1,0.010571187648977265,0.003787790201269374,6721
C0_direct_osi,osi_target_t01h,2,0.013206768052934397,0.004068154497334365,6864
C0_direct_osi,osi_target_t01h,3,0.016136740602161116,0.003986596635134533,6864
C0_direct_osi,osi_target_t01h,4,0.011170562285658898,0.003350820073388493,6864
C0_direct_osi,osi_target_t06h,0,0.006529433148236702,0.002649356683160755,6624
C0_direct_osi,osi_target_t06h,1,0.010116678439245042,0.00403628527441689,6486
C0_direct_osi,osi_target_t06h,2,0.013196947012427233,0.004088744442385513,6624
C0_direct_osi,osi_target_t06h,3,0.01291030434777477,0.003863075553207695,6624
C0_direct_osi,osi_target_t06h,4,0.009161450343277783,0.0031277184543612277,6624
C0_direct_osi,osi_target_t24h,0,0.004676682993211646,0.002042712177853166,5760
C0_direct_osi,osi_target_t24h,1,0.008743468525111582,0.003552848654410227,5640
C0_direct_osi,osi_target_t24h,2,0.01294150909584878,0.003871927631508058,5760
C0_direct_osi,osi_target_t24h,3,0.006038402494602367,0.0027716584191973394,5760
C0_direct_osi,osi_target_t24h,4,0.00748451248944393,0.0024872075143957777,5760
C0_direct_osi,osi_target_t48h,0,0.003639645418708036,0.001611630788902187,4608
C0_direct_osi,osi_target_t48h,1,0.005772820147779022,0.0024399082030299116,4512
C0_direct_osi,osi_target_t48h,2,0.013045199895381785,0.0033120782708388977,4608
C0_direct_osi,osi_target_t48h,3,0.00498290913178981,0.002041272071917311,4608
C0_direct_osi,osi_target_t48h,4,0.007076946288214522,0.0021132699621036117,4608
C1_component_osi,osi_target_t01h,0,0.006792135675419083,0.0027117181343635556,6864
C1_component_osi,osi_target_t01h,1,0.010394031007585717,0.003736048291987056,6721
C1_component_osi,osi_target_t01h,2,0.013199582726079857,0.004058094431534855,6864
C1_component_osi,osi_target_t01h,3,0.01598384731890706,0.00388308347644183,6864
C1_component_osi,osi_target_t01h,4,0.010926029142568386,0.003250011719113783,6864
C1_component_osi,osi_target_t06h,0,0.006460413653255098,0.0026348069137584877,6624
C1_component_osi,osi_target_t06h,1,0.010015997135935885,0.003603339288412284,6486
C1_component_osi,osi_target_t06h,2,0.013236500382429165,0.004054925000934751,6624
C1_component_osi,osi_target_t06h,3,0.012486283687207729,0.003675960414701846,6624
C1_component_osi,osi_target_t06h,4,0.008898765770182658,0.002980969110041736,6624
C1_component_osi,osi_target_t24h,0,0.004676006104653076,0.002068686988798557,5760
C1_component_osi,osi_target_t24h,1,0.008690387584105909,0.003610778243058664,5640
C1_component_osi,osi_target_t24h,2,0.012820869372120618,0.0038387573473299555,5760
C1_component_osi,osi_target_t24h,3,0.005827216074762783,0.0026500630695669306,5760
C1_component_osi,osi_target_t24h,4,0.007410450047646712,0.0024700706125642463,5760
C1_component_osi,osi_target_t48h,0,0.003637505972180902,0.0016125080878000183,4608
C1_component_osi,osi_target_t48h,1,0.005771282327149259,0.0025272190094480502,4512
C1_component_osi,osi_target_t48h,2,0.012997021644656546,0.00326727110669638,4608
C1_component_osi,osi_target_t48h,3,0.004975131815818199,0.0020181512944894894,4608
C1_component_osi,osi_target_t48h,4,0.006897809540513561,0.0021127583284630555,4608
C2_equal_blend,osi_target_t01h,0,0.006733405555580235,0.002706474975371693,6864
C2_equal_blend,osi_target_t01h,1,0.010462353732485682,0.003744018067725045,6721
C2_equal_blend,osi_target_t01h,2,0.013182195975500122,0.004034817640935184,6864
C2_equal_blend,osi_target_t01h,3,0.016041129832075462,0.0039044460792480185,6864
C2_equal_blend,osi_target_t01h,4,0.011027416937651621,0.0032790361071845533,6864
C2_equal_blend,osi_target_t06h,0,0.006466027282469552,0.0026151887396627855,6624
C2_equal_blend,osi_target_t06h,1,0.010040791112390573,0.0037508180614298217,6486
C2_equal_blend,osi_target_t06h,2,0.013200650680109094,0.00404899089281939,6624
C2_equal_blend,osi_target_t06h,3,0.01265806551601479,0.003733757174815625,6624
C2_equal_blend,osi_target_t06h,4,0.008999519412468746,0.0030278759494648706,6624
C2_equal_blend,osi_target_t24h,0,0.004647368771666234,0.0020351748282341313,5760
C2_equal_blend,osi_target_t24h,1,0.008710571262138,0.0035785314797698873,5640
C2_equal_blend,osi_target_t24h,2,0.01286854780245259,0.0038392043459501974,5760
C2_equal_blend,osi_target_t24h,3,0.005907319466951788,0.002704791381325387,5760
C2_equal_blend,osi_target_t24h,4,0.007429362410569445,0.0024535596602119378,5760
C2_equal_blend,osi_target_t48h,0,0.003604398477217542,0.0015885443689991246,4608
C2_equal_blend,osi_target_t48h,1,0.0057657711568058,0.0024815257121792583,4512
C2_equal_blend,osi_target_t48h,2,0.013012810346436105,0.003275460638422993,4608
C2_equal_blend,osi_target_t48h,3,0.004963838673315615,0.0020203703701536114,4608
C2_equal_blend,osi_target_t48h,4,0.0069756728822061445,0.002097406264776552,4608
C3_aligned_component,osi_target_t01h,0,0.006541321178004252,0.002647253429183568,6864
C3_aligned_component,osi_target_t01h,1,0.01026302044858961,0.0038598805322090255,6721
C3_aligned_component,osi_target_t01h,2,0.012899847398152354,0.0040243548612994865,6864
C3_aligned_component,osi_target_t01h,3,0.015796981008485887,0.003823243061489669,6864
C3_aligned_component,osi_target_t01h,4,0.010816713121384675,0.0031640663767522376,6864
C3_aligned_component,osi_target_t06h,0,0.006391079868926069,0.002547593902723483,6624
C3_aligned_component,osi_target_t06h,1,0.009842708287427995,0.0036942997724429536,6486
C3_aligned_component,osi_target_t06h,2,0.012832778950453254,0.0039346099358838465,6624
C3_aligned_component,osi_target_t06h,3,0.012394881928140122,0.003438409401754992,6624
C3_aligned_component,osi_target_t06h,4,0.008736992392214486,0.002897691349513629,6624
C3_aligned_component,osi_target_t24h,0,0.004514862600042286,0.0020206050071437877,5760
C3_aligned_component,osi_target_t24h,1,0.008550246531666049,0.0031140521539965416,5640
C3_aligned_component,osi_target_t24h,2,0.012871017169192546,0.0037122406836255224,5760
C3_aligned_component,osi_target_t24h,3,0.005628429621264626,0.002618825160450663,5760
C3_aligned_component,osi_target_t24h,4,0.007493181384331496,0.0024344632844855384,5760
C3_aligned_component,osi_target_t48h,0,0.0035504896394874886,0.0015283259124396883,4608
C3_aligned_component,osi_target_t48h,1,0.00555068590684626,0.0023007543665404975,4512
C3_aligned_component,osi_target_t48h,2,0.013447139127618725,0.0033047031066822624,4608
C3_aligned_component,osi_target_t48h,3,0.004944064227660822,0.002112559792856215,4608
C3_aligned_component,osi_target_t48h,4,0.006681419611960746,0.002013448103073295,4608
