model,horizon,target_day,rmse,mae,n
C0_direct_osi,osi_target_t01h,2026-03-14,0.02242249582349928,0.00750902716074225,5497
C0_direct_osi,osi_target_t01h,2026-03-15,0.010711045500274366,0.004917340679045498,5736
C0_direct_osi,osi_target_t01h,2026-03-16,0.010143113016404137,0.004493447572470809,5736
C0_direct_osi,osi_target_t01h,2026-03-17,0.011145599073314031,0.0036356947041687637,5736
C0_direct_osi,osi_target_t01h,2026-03-18,0.005472269552370273,0.0007989325648593263,5736
C0_direct_osi,osi_target_t01h,2026-03-19,0.0012061362058431327,0.0003456348068853972,5736
C0_direct_osi,osi_target_t06h,2026-03-14,0.019345753732929977,0.007132879941839343,4302
C0_direct_osi,osi_target_t06h,2026-03-15,0.011051741778764874,0.005170812260159548,5736
C0_direct_osi,osi_target_t06h,2026-03-16,0.010379104633308354,0.004662213239561707,5736
C0_direct_osi,osi_target_t06h,2026-03-17,0.01062801154873598,0.0036591537274000704,5736
C0_direct_osi,osi_target_t06h,2026-03-18,0.0054737409246610105,0.0009961972823931005,5736
C0_direct_osi,osi_target_t06h,2026-03-19,0.001418687354270915,0.0005802947146540037,5736
C0_direct_osi,osi_target_t24h,2026-03-15,0.010931829891827186,0.005073454599158301,5736
C0_direct_osi,osi_target_t24h,2026-03-16,0.01012804258693683,0.004532014454661554,5736
C0_direct_osi,osi_target_t24h,2026-03-17,0.010249121265041503,0.003567491861173071,5736
C0_direct_osi,osi_target_t24h,2026-03-18,0.005426538191761959,0.000948253329279937,5736
C0_direct_osi,osi_target_t24h,2026-03-19,0.0012681855912552197,0.0005924293209800457,5736
C0_direct_osi,osi_target_t48h,2026-03-16,0.009712781865481315,0.0042927450280723575,5736
C0_direct_osi,osi_target_t48h,2026-03-17,0.01041770063817867,0.0035558445122804636,5736
C0_direct_osi,osi_target_t48h,2026-03-18,0.005446653920562656,0.0009231980467638727,5736
C0_direct_osi,osi_target_t48h,2026-03-19,0.001102579293242943,0.0004404590746905397,5736
C1_component_osi,osi_target_t01h,2026-03-14,0.022220898716530213,0.007320965393066415,5497
C1_component_osi,osi_target_t01h,2026-03-15,0.010644114483914124,0.004877058240062942,5736
C1_component_osi,osi_target_t01h,2026-03-16,0.010070203028018945,0.004456832692887753,5736
C1_component_osi,osi_target_t01h,2026-03-17,0.010955235564657963,0.003587387626357219,5736
C1_component_osi,osi_target_t01h,2026-03-18,0.005444283935028889,0.0007662332935279695,5736
C1_component_osi,osi_target_t01h,2026-03-19,0.0011426928671456902,0.00031112703826929807,5736
C1_component_osi,osi_target_t06h,2026-03-14,0.018860242885441372,0.006939544435548182,4302
C1_component_osi,osi_target_t06h,2026-03-15,0.010931622052553784,0.005001227521292786,5736
C1_component_osi,osi_target_t06h,2026-03-16,0.010205092319820698,0.004486394350321626,5736
C1_component_osi,osi_target_t06h,2026-03-17,0.010663429989437596,0.0035542514566010036,5736
C1_component_osi,osi_target_t06h,2026-03-18,0.005473942360683405,0.0008738798549318489,5736
C1_component_osi,osi_target_t06h,2026-03-19,0.001164735112905132,0.0003669566909362961,5736
C1_component_osi,osi_target_t24h,2026-03-15,0.01084090737647383,0.0050324002485792815,5736
C1_component_osi,osi_target_t24h,2026-03-16,0.009997721720294554,0.00445666849384761,5736
C1_component_osi,osi_target_t24h,2026-03-17,0.010084054245558301,0.0035227389807651133,5736
C1_component_osi,osi_target_t24h,2026-03-18,0.005442997052881132,0.000993364612302338,5736
C1_component_osi,osi_target_t24h,2026-03-19,0.001314081426213249,0.0006188929845939907,5736
C1_component_osi,osi_target_t48h,2026-03-16,0.00966778774700444,0.004249302265056616,5736
C1_component_osi,osi_target_t48h,2026-03-17,0.010314311743652249,0.0035494421807903136,5736
C1_component_osi,osi_target_t48h,2026-03-18,0.0054288426105468385,0.000944660126094554,5736
C1_component_osi,osi_target_t48h,2026-03-19,0.0011476684022981218,0.0004832457490896062,5736
C2_equal_blend,osi_target_t01h,2026-03-14,0.022292593112587435,0.007372310846940226,5497
C2_equal_blend,osi_target_t01h,2026-03-15,0.010650779704974538,0.0048684196727962455,5736
C2_equal_blend,osi_target_t01h,2026-03-16,0.010076569414982526,0.004443801028123072,5736
C2_equal_blend,osi_target_t01h,2026-03-17,0.011030295496592672,0.003586777537654372,5736
C2_equal_blend,osi_target_t01h,2026-03-18,0.005447451755144965,0.0007669274170107724,5736
C2_equal_blend,osi_target_t01h,2026-03-19,0.0011495068287175933,0.0003190127951744581,5736
C2_equal_blend,osi_target_t06h,2026-03-14,0.01906196462499766,0.007007202122096338,4302
C2_equal_blend,osi_target_t06h,2026-03-15,0.010957176247969226,0.005068079821086403,5736
C2_equal_blend,osi_target_t06h,2026-03-16,0.010260726439080657,0.004545441180883878,5736
C2_equal_blend,osi_target_t06h,2026-03-17,0.010621169975961041,0.003576324239664945,5736
C2_equal_blend,osi_target_t06h,2026-03-18,0.005463674176777179,0.0008864188838099418,5736
C2_equal_blend,osi_target_t06h,2026-03-19,0.001247114199243658,0.00041386943766001135,5736
C2_equal_blend,osi_target_t24h,2026-03-15,0.010864067209582204,0.005032899265768812,5736
C2_equal_blend,osi_target_t24h,2026-03-16,0.010040803020461321,0.004474605523667521,5736
C2_equal_blend,osi_target_t24h,2026-03-17,0.010152870029909736,0.0035311543640357155,5736
C2_equal_blend,osi_target_t24h,2026-03-18,0.005429964340246546,0.0009597977866806861,5736
C2_equal_blend,osi_target_t24h,2026-03-19,0.0012817346764685809,0.0005990750662034161,5736
C2_equal_blend,osi_target_t48h,2026-03-16,0.009673269780591291,0.0042537305349408,5736
C2_equal_blend,osi_target_t48h,2026-03-17,0.010353039461137945,0.0035387782776797605,5736
C2_equal_blend,osi_target_t48h,2026-03-18,0.005431748248081681,0.000920305410430118,5736
C2_equal_blend,osi_target_t48h,2026-03-19,0.001115379065891658,0.0004546707527708212,5736
C3_aligned_component,osi_target_t01h,2026-03-14,0.022038915928468662,0.007277729957566081,5497
C3_aligned_component,osi_target_t01h,2026-03-15,0.010572394360004338,0.004886182176397557,5736
C3_aligned_component,osi_target_t01h,2026-03-16,0.009829843568113655,0.004304667789577551,5736
C3_aligned_component,osi_target_t01h,2026-03-17,0.010400683990110529,0.0034810556315030368,5736
C3_aligned_component,osi_target_t01h,2026-03-18,0.005402017670366318,0.0008268824770264367,5736
C3_aligned_component,osi_target_t01h,2026-03-19,0.0010704083404650662,0.0003944104558657538,5736
C3_aligned_component,osi_target_t06h,2026-03-14,0.018816901895799633,0.006782494457740367,4302
C3_aligned_component,osi_target_t06h,2026-03-15,0.010572394360004338,0.004886182176397557,5736
C3_aligned_component,osi_target_t06h,2026-03-16,0.009829843568113655,0.004304667789577551,5736
C3_aligned_component,osi_target_t06h,2026-03-17,0.010400683990110529,0.0034810556315030368,5736
C3_aligned_component,osi_target_t06h,2026-03-18,0.005402017670366318,0.0008268824770264367,5736
C3_aligned_component,osi_target_t06h,2026-03-19,0.0010704083404650662,0.0003944104558657538,5736
C3_aligned_component,osi_target_t24h,2026-03-15,0.010572394360004338,0.004886182176397557,5736
C3_aligned_component,osi_target_t24h,2026-03-16,0.009829843568113655,0.004304667789577551,5736
C3_aligned_component,osi_target_t24h,2026-03-17,0.010400683990110529,0.0034810556315030368,5736
C3_aligned_component,osi_target_t24h,2026-03-18,0.005402017670366318,0.0008268824770264367,5736
C3_aligned_component,osi_target_t24h,2026-03-19,0.0010704083404650662,0.0003944104558657538,5736
C3_aligned_component,osi_target_t48h,2026-03-16,0.009829843568113655,0.004304667789577551,5736
C3_aligned_component,osi_target_t48h,2026-03-17,0.010400683990110529,0.0034810556315030368,5736
C3_aligned_component,osi_target_t48h,2026-03-18,0.005402017670366318,0.0008268824770264367,5736
C3_aligned_component,osi_target_t48h,2026-03-19,0.0010704083404650662,0.0003944104558657538,5736
