model,horizon,rmse,mae,n,r2,prediction_mean,prediction_max,prediction_zero_pct,family,mask,components_replaced
E1_subset_0000,osi_target_t01h,0.011865427114391812,0.003526919842147216,34177,0.7285527775522072,0.00562748524698006,0.2926764026968674,51.58732480908213,E1,0000,none
E1_subset_0001,osi_target_t01h,0.011867310981700052,0.0035493901097180267,34177,0.7284665756585271,0.005670724855755917,0.29271118462081047,51.048951048951054,E1,0001,R_t
E1_subset_0010,osi_target_t01h,0.011842047664998964,0.0035909431663389145,34177,0.7296214342853689,0.005761411979243343,0.29598118311486843,49.97220352868889,E1,0010,D_t
E1_subset_0011,osi_target_t01h,0.0118457026119999,0.0036145710471660562,34177,0.7294545084531869,0.005804552985433101,0.2960159650388115,49.4718670450888,E1,0011,D_t+R_t
E1_subset_0100,osi_target_t01h,0.01187346073541773,0.003461723805660112,34177,0.7281850803209503,0.005505066772296618,0.2928637500076441,53.22585364426369,E1,0100,N_t
E1_subset_0101,osi_target_t01h,0.011873861529425333,0.0034833268893921594,34177,0.7281667295414933,0.0055475618643440975,0.29289853193158716,52.681627995435534,E1,0101,N_t+R_t
E1_subset_0110,osi_target_t01h,0.011847448326404645,0.0035238780245465864,34177,0.7293747613957882,0.005639814942871631,0.2961685304256451,51.46736109079205,E1,0110,N_t+D_t
E1_subset_0111,osi_target_t01h,0.011849627666700176,0.0035464136267219066,34177,0.7292751891137725,0.005682076995884119,0.2962033123495882,50.9845802732832,E1,0111,N_t+D_t+R_t
E1_subset_1000,osi_target_t01h,0.011813005992705973,0.0037575609826910068,34177,0.7309459716324453,0.006063195667346087,0.31524114335047004,46.90873979576908,E1,1000,P_t
E1_subset_1001,osi_target_t01h,0.011819195530771699,0.003781582921746542,34177,0.7306639508781009,0.006106286917165686,0.3152759252744131,46.53421891915615,E1,1001,P_t+R_t
E1_subset_1010,osi_target_t01h,0.011861933984801046,0.0038432421996288384,34177,0.7287125797646213,0.006195532480677153,0.3185459237684711,45.84369605290107,E1,1010,P_t+D_t
E1_subset_1011,osi_target_t01h,0.011869701511894721,0.0038685643035223,34177,0.7283571702121843,0.00623930987749595,0.31858070569241415,45.42821195540861,E1,1011,P_t+D_t+R_t
E1_subset_1100,osi_target_t01h,0.011810897028430155,0.003684597787022698,34177,0.7310420309561265,0.005937753411119542,0.31542849066124673,48.37171197003833,E1,1100,P_t+N_t
E1_subset_1101,osi_target_t01h,0.01181581497595573,0.0037077528890030395,34177,0.7308180011369607,0.0059811074790986594,0.3154632725851898,47.91819059601487,E1,1101,P_t+N_t+R_t
E1_subset_1110,osi_target_t01h,0.011857479288517374,0.00377150179800497,34177,0.7289163030597123,0.006071231676862377,0.31873327107924776,47.15744506539485,E1,1110,P_t+N_t+D_t
E1_subset_1111,osi_target_t01h,0.01186376747443223,0.003795325261895052,34177,0.7286287079247888,0.006114694516925148,0.31876805300319083,46.71855341311408,E1,1111,P_t+N_t+D_t+R_t
E1_subset_0000,osi_target_t06h,0.010512561705099621,0.003389107513172991,32982,0.7003310896258659,0.004828756502075626,0.257321594928204,47.541083014977865,E1,0000,none
E1_subset_0001,osi_target_t06h,0.01051379097673492,0.0034117069114940712,32982,0.7002610028022134,0.004873152200237119,0.2576487123049928,47.01655448426415,E1,0001,R_t
E1_subset_0010,osi_target_t06h,0.010512561705099621,0.003389107513172991,32982,0.7003310896258659,0.004828756502075626,0.257321594928204,47.541083014977865,E1,0010,D_t
E1_subset_0011,osi_target_t06h,0.01051379097673492,0.0034117069114940712,32982,0.7002610028022134,0.004873152200237119,0.2576487123049928,47.01655448426415,E1,0011,D_t+R_t
E1_subset_0100,osi_target_t06h,0.010521936167580938,0.0033371819121035193,32982,0.6997963983511208,0.004734849414549461,0.257410652750843,49.3117458007398,E1,0100,N_t
E1_subset_0101,osi_target_t06h,0.010522133537484228,0.003359557964593951,32982,0.6997851358400019,0.004779695243372322,0.2577377701276318,48.668970953853616,E1,0101,N_t+R_t
E1_subset_0110,osi_target_t06h,0.010521936167580938,0.0033371819121035193,32982,0.6997963983511208,0.004734849414549461,0.257410652750843,49.3117458007398,E1,0110,N_t+D_t
E1_subset_0111,osi_target_t06h,0.010522133537484228,0.003359557964593951,32982,0.6997851358400019,0.004779695243372322,0.2577377701276318,48.668970953853616,E1,0111,N_t+D_t+R_t
E1_subset_1000,osi_target_t06h,0.010512561705099621,0.003389107513172991,32982,0.7003310896258659,0.004828756502075626,0.257321594928204,47.541083014977865,E1,1000,P_t
E1_subset_1001,osi_target_t06h,0.01051379097673492,0.0034117069114940712,32982,0.7002610028022134,0.004873152200237119,0.2576487123049928,47.01655448426415,E1,1001,P_t+R_t
E1_subset_1010,osi_target_t06h,0.010512561705099621,0.003389107513172991,32982,0.7003310896258659,0.004828756502075626,0.257321594928204,47.541083014977865,E1,1010,P_t+D_t
E1_subset_1011,osi_target_t06h,0.01051379097673492,0.0034117069114940712,32982,0.7002610028022134,0.004873152200237119,0.2576487123049928,47.01655448426415,E1,1011,P_t+D_t+R_t
E1_subset_1100,osi_target_t06h,0.010521936167580938,0.0033371819121035193,32982,0.6997963983511208,0.004734849414549461,0.257410652750843,49.3117458007398,E1,1100,P_t+N_t
E1_subset_1101,osi_target_t06h,0.010522133537484228,0.003359557964593951,32982,0.6997851358400019,0.004779695243372322,0.2577377701276318,48.668970953853616,E1,1101,P_t+N_t+R_t
E1_subset_1110,osi_target_t06h,0.010521936167580938,0.0033371819121035193,32982,0.6997963983511208,0.004734849414549461,0.257410652750843,49.3117458007398,E1,1110,P_t+N_t+D_t
E1_subset_1111,osi_target_t06h,0.010522133537484228,0.003359557964593951,32982,0.6997851358400019,0.004779695243372322,0.2577377701276318,48.668970953853616,E1,1111,P_t+N_t+D_t+R_t
E1_subset_0000,osi_target_t24h,0.008372823768376926,0.0029248130640176667,28680,0.48607822648387855,0.003075882620338982,0.12131757109497565,42.62900976290098,E1,0000,none
E1_subset_0001,osi_target_t24h,0.008367997134025156,0.0029389138513111657,28680,0.48667057085688237,0.0031013346887614444,0.12134283903376612,42.26638772663877,E1,0001,R_t
E1_subset_0010,osi_target_t24h,0.008372823768376926,0.0029248130640176667,28680,0.48607822648387855,0.003075882620338982,0.12131757109497565,42.62900976290098,E1,0010,D_t
E1_subset_0011,osi_target_t24h,0.008367997134025156,0.0029389138513111657,28680,0.48667057085688237,0.0031013346887614444,0.12134283903376612,42.26638772663877,E1,0011,D_t+R_t
E1_subset_0100,osi_target_t24h,0.008385274959479798,0.002872323426126055,28680,0.48454858814245083,0.002973919887527109,0.12134504252424973,43.81450488145049,E1,0100,N_t
E1_subset_0101,osi_target_t24h,0.008379265662094753,0.002884601164516633,28680,0.4852871187037515,0.002998524476999544,0.1213703104630402,43.48326359832636,E1,0101,N_t+R_t
E1_subset_0110,osi_target_t24h,0.008385274959479798,0.002872323426126055,28680,0.48454858814245083,0.002973919887527109,0.12134504252424973,43.81450488145049,E1,0110,N_t+D_t
E1_subset_0111,osi_target_t24h,0.008379265662094753,0.002884601164516633,28680,0.4852871187037515,0.002998524476999544,0.1213703104630402,43.48326359832636,E1,0111,N_t+D_t+R_t
E1_subset_1000,osi_target_t24h,0.008372823768376926,0.0029248130640176667,28680,0.48607822648387855,0.003075882620338982,0.12131757109497565,42.62900976290098,E1,1000,P_t
E1_subset_1001,osi_target_t24h,0.008367997134025156,0.0029389138513111657,28680,0.48667057085688237,0.0031013346887614444,0.12134283903376612,42.26638772663877,E1,1001,P_t+R_t
E1_subset_1010,osi_target_t24h,0.008372823768376926,0.0029248130640176667,28680,0.48607822648387855,0.003075882620338982,0.12131757109497565,42.62900976290098,E1,1010,P_t+D_t
E1_subset_1011,osi_target_t24h,0.008367997134025156,0.0029389138513111657,28680,0.48667057085688237,0.0031013346887614444,0.12134283903376612,42.26638772663877,E1,1011,P_t+D_t+R_t
E1_subset_1100,osi_target_t24h,0.008385274959479798,0.002872323426126055,28680,0.48454858814245083,0.002973919887527109,0.12134504252424973,43.81450488145049,E1,1100,P_t+N_t
E1_subset_1101,osi_target_t24h,0.008379265662094753,0.002884601164516633,28680,0.4852871187037515,0.002998524476999544,0.1213703104630402,43.48326359832636,E1,1101,P_t+N_t+R_t
E1_subset_1110,osi_target_t24h,0.008385274959479798,0.002872323426126055,28680,0.48454858814245083,0.002973919887527109,0.12134504252424973,43.81450488145049,E1,1110,P_t+N_t+D_t
E1_subset_1111,osi_target_t24h,0.008379265662094753,0.002884601164516633,28680,0.4852871187037515,0.002998524476999544,0.1213703104630402,43.48326359832636,E1,1111,P_t+N_t+D_t+R_t
E1_subset_0000,osi_target_t48h,0.007593428433818521,0.0023066625802577725,22944,0.37699845446964386,0.002066386768712737,0.061932949881020403,46.71373779637378,E1,0000,none
E1_subset_0001,osi_target_t48h,0.007592908761336317,0.0023218529772275676,22944,0.3770837244327211,0.0020917024513388586,0.06225349433347234,46.29968619246862,E1,0001,R_t
E1_subset_0010,osi_target_t48h,0.007593428433818521,0.0023066625802577725,22944,0.37699845446964386,0.002066386768712737,0.061932949881020403,46.71373779637378,E1,0010,D_t
E1_subset_0011,osi_target_t48h,0.007592908761336317,0.0023218529772275676,22944,0.3770837244327211,0.0020917024513388586,0.06225349433347234,46.29968619246862,E1,0011,D_t+R_t
E1_subset_0100,osi_target_t48h,0.007605062620514154,0.0022629831345239108,22944,0.37508794226402753,0.0019852774935528385,0.06218159225047259,48.2784170153417,E1,0100,N_t
E1_subset_0101,osi_target_t48h,0.007603243078022234,0.0022764460215419996,22944,0.375386932049403,0.0020098728601989605,0.06250213670292452,47.89923291492329,E1,0101,N_t+R_t
E1_subset_0110,osi_target_t48h,0.007605062620514154,0.0022629831345239108,22944,0.37508794226402753,0.0019852774935528385,0.06218159225047259,48.2784170153417,E1,0110,N_t+D_t
E1_subset_0111,osi_target_t48h,0.007603243078022234,0.0022764460215419996,22944,0.375386932049403,0.0020098728601989605,0.06250213670292452,47.89923291492329,E1,0111,N_t+D_t+R_t
E1_subset_1000,osi_target_t48h,0.007593428433818521,0.0023066625802577725,22944,0.37699845446964386,0.002066386768712737,0.061932949881020403,46.71373779637378,E1,1000,P_t
E1_subset_1001,osi_target_t48h,0.007592908761336317,0.0023218529772275676,22944,0.3770837244327211,0.0020917024513388586,0.06225349433347234,46.29968619246862,E1,1001,P_t+R_t
E1_subset_1010,osi_target_t48h,0.007593428433818521,0.0023066625802577725,22944,0.37699845446964386,0.002066386768712737,0.061932949881020403,46.71373779637378,E1,1010,P_t+D_t
E1_subset_1011,osi_target_t48h,0.007592908761336317,0.0023218529772275676,22944,0.3770837244327211,0.0020917024513388586,0.06225349433347234,46.29968619246862,E1,1011,P_t+D_t+R_t
E1_subset_1100,osi_target_t48h,0.007605062620514154,0.0022629831345239108,22944,0.37508794226402753,0.0019852774935528385,0.06218159225047259,48.2784170153417,E1,1100,P_t+N_t
E1_subset_1101,osi_target_t48h,0.007603243078022234,0.0022764460215419996,22944,0.375386932049403,0.0020098728601989605,0.06250213670292452,47.89923291492329,E1,1101,P_t+N_t+R_t
E1_subset_1110,osi_target_t48h,0.007605062620514154,0.0022629831345239108,22944,0.37508794226402753,0.0019852774935528385,0.06218159225047259,48.2784170153417,E1,1110,P_t+N_t+D_t
E1_subset_1111,osi_target_t48h,0.007603243078022234,0.0022764460215419996,22944,0.375386932049403,0.0020098728601989605,0.06250213670292452,47.89923291492329,E1,1111,P_t+N_t+D_t+R_t
E3_subset_0000,osi_target_t01h,0.011865427114391812,0.003526919842147216,34177,0.7285527775522072,0.00562748524698006,0.2926764026968674,51.58732480908213,E3,0000,none
E3_subset_0001,osi_target_t01h,0.011866052854060762,0.0035490777321654913,34177,0.7285241465097254,0.005671768790086802,0.29280009694436665,51.07235860373935,E3,0001,R_t
E3_subset_0010,osi_target_t01h,0.01184108264201585,0.003596727759110657,34177,0.7296654994514666,0.005752030407071028,0.28441276668246857,47.713374491617174,E3,0010,D_t
E3_subset_0011,osi_target_t01h,0.011842469492275945,0.003619758274180947,34177,0.7296021715550192,0.0057965332191258125,0.28464572908974106,47.27448283933639,E3,0011,D_t+R_t
E3_subset_0100,osi_target_t01h,0.011876664215428866,0.003462361849099598,34177,0.7280383882744208,0.005506259371259961,0.29286993052429117,53.19074231208123,E3,0100,N_t
E3_subset_0101,osi_target_t01h,0.01187580108035265,0.0034830959664187873,34177,0.7280779163897857,0.0055494494841420335,0.2929936247717904,52.70503555022383,E3,0101,N_t+R_t
E3_subset_0110,osi_target_t01h,0.011850575944188074,0.003528192476376572,34177,0.7292318573698532,0.005628214544998188,0.2843967879103312,49.34312549375311,E3,0110,N_t+D_t
E3_subset_0111,osi_target_t01h,0.011850485168462573,0.003550429955311984,34177,0.7292360055362489,0.005672341969603586,0.284514913300524,48.8632706205928,E3,0111,N_t+D_t+R_t
E3_subset_1000,osi_target_t01h,0.011854482972802638,0.0035744520627845233,34177,0.7290532882815592,0.00568807182161109,0.29825855435166815,47.63437399420663,E3,1000,P_t
E3_subset_1001,osi_target_t01h,0.011854231991464157,0.003597405065833854,34177,0.7290647610465293,0.005733072941387147,0.2983822485991674,47.13696345495509,E3,1001,P_t+R_t
E3_subset_1010,osi_target_t01h,0.01190857143163205,0.0036807640398855207,34177,0.7265751500968826,0.005813581267764193,0.28952741144084404,44.53287298475583,E3,1010,P_t+D_t
E3_subset_1011,osi_target_t01h,0.011909168166831179,0.0037048549446948567,34177,0.7265477469241011,0.00585931286848322,0.2896511056883433,44.04131433420137,E3,1011,P_t+D_t+R_t
E3_subset_1100,osi_target_t01h,0.011866669733650238,0.0035039999304760055,34177,0.7284959193868255,0.0055632609376050374,0.2984520821790919,49.31094010591919,E3,1100,P_t+N_t
E3_subset_1101,osi_target_t01h,0.01186487439909392,0.0035251834204086327,34177,0.7285780660709519,0.005607327126249297,0.29857577642659117,48.83401117710741,E3,1101,P_t+N_t+R_t
E3_subset_1110,osi_target_t01h,0.011918136653006246,0.0036082010089746137,34177,0.7261357322214426,0.005686951422299271,0.2897209392682678,46.20943909646839,E3,1110,P_t+N_t+D_t
E3_subset_1111,osi_target_t01h,0.011917536237001983,0.0036320546533406993,34177,0.7261633251837047,0.0057323918257425836,0.28984463351576706,45.68276911373146,E3,1111,P_t+N_t+D_t+R_t
E3_subset_0000,osi_target_t06h,0.010512561705099621,0.003389107513172991,32982,0.7003310896258659,0.004828756502075626,0.257321594928204,47.541083014977865,E3,0000,none
E3_subset_0001,osi_target_t06h,0.010514323202312392,0.0034118400342016456,32982,0.700230655461462,0.004874209698848012,0.2577917581175636,47.00139470013947,E3,0001,R_t
E3_subset_0010,osi_target_t06h,0.0104560058381291,0.003449734255598496,32982,0.703546756115667,0.004901894584856599,0.260954961823739,41.131526287065675,E3,0010,D_t
E3_subset_0011,osi_target_t06h,0.010456892975889545,0.0034721402226836973,32982,0.7034964489471741,0.0049475803561941185,0.2614251250130986,40.60396579952702,E3,0011,D_t+R_t
E3_subset_0100,osi_target_t06h,0.010526720121124088,0.003333107454765306,32982,0.6995233522982683,0.0047240642483159226,0.25742327493471223,49.46940755563641,E3,0100,N_t
E3_subset_0101,osi_target_t06h,0.010527367667105433,0.0033556001839423876,32982,0.6994863838165415,0.004770237258819411,0.25789343812407184,48.78115335637621,E3,0101,N_t+R_t
E3_subset_0110,osi_target_t06h,0.010469959387203385,0.003397796956525576,32982,0.7027549939299371,0.004803265566738727,0.2610566418302473,42.3443090170396,E3,0110,N_t+D_t
E3_subset_0111,osi_target_t06h,0.010469963279922547,0.0034228937456378646,32982,0.7027547728991759,0.004852541661046696,0.2615268050196069,41.3862106603602,E3,0111,N_t+D_t+R_t
E3_subset_1000,osi_target_t06h,0.010431361002815154,0.003358010082798622,32982,0.7049425914483365,0.004858279826410765,0.2625449995059635,46.834637074768054,E3,1000,P_t
E3_subset_1001,osi_target_t06h,0.010433449935331001,0.003382219732122276,32982,0.70482440615522,0.004904673458756703,0.2630151626953231,46.23127766660603,E3,1001,P_t+R_t
E3_subset_1010,osi_target_t06h,0.010456964911474695,0.0034598071605124,32982,0.7034923694888001,0.004942991479500305,0.2661783664014985,40.65854102237584,E3,1010,P_t+D_t
E3_subset_1011,osi_target_t06h,0.01045865804419875,0.0034824303663624975,32982,0.7033963440322607,0.00498755596484956,0.2666485295908581,40.25529076465951,E3,1011,P_t+D_t+R_t
E3_subset_1100,osi_target_t06h,0.010444113398290638,0.0033017037727837845,32982,0.7042207319106351,0.004755585061877552,0.2626466795124717,48.593172033230246,E3,1100,P_t+N_t
E3_subset_1101,osi_target_t06h,0.010445050188700277,0.0033253659000769898,32982,0.7041676693676097,0.004801960076517286,0.26311684270183133,47.91704566126979,E3,1101,P_t+N_t+R_t
E3_subset_1110,osi_target_t06h,0.010469753180916822,0.0034065170368110386,32982,0.7027667023202072,0.00484426615984387,0.2662800464080068,41.968346370747675,E3,1110,P_t+N_t+D_t
E3_subset_1111,osi_target_t06h,0.01047012107282055,0.003428376960669761,32982,0.7027458132614032,0.0048884264325108305,0.2667502095973664,41.54690437208174,E3,1111,P_t+N_t+D_t+R_t
E3_subset_0000,osi_target_t24h,0.008372823768376926,0.0029248130640176667,28680,0.48607822648387855,0.003075882620338982,0.12131757109497565,42.62900976290098,E3,0000,none
E3_subset_0001,osi_target_t24h,0.008367389201949287,0.0029394899672500656,28680,0.48674515455584855,0.0031037905172532267,0.12133925926551027,42.22803347280335,E3,0001,R_t
E3_subset_0010,osi_target_t24h,0.008427468965045471,0.0028975747333636675,28680,0.4793481196250612,0.003039707670185168,0.12040147231819488,42.350069735006976,E3,0010,D_t
E3_subset_0011,osi_target_t24h,0.008421119947084938,0.002911829670131403,28680,0.4801323130690912,0.0030675036428089468,0.1204231604887295,41.95955369595537,E3,0011,D_t+R_t
E3_subset_0100,osi_target_t24h,0.008387932516673016,0.002871129564256513,28680,0.48422181086039673,0.0029706384907535817,0.12135099356356066,43.831938633193865,E3,0100,N_t
E3_subset_0101,osi_target_t24h,0.008381066772646068,0.002883936180628425,28680,0.485065821403175,0.0029977727009273423,0.12137268173409528,43.45188284518828,E3,0101,N_t+R_t
E3_subset_0110,osi_target_t24h,0.008445822239564228,0.0028440547300993277,28680,0.4770779072857755,0.002933306390956825,0.12043489478677989,43.68898186889819,E3,0110,N_t+D_t
E3_subset_0111,osi_target_t24h,0.008437924487959308,0.002857181613677351,28680,0.4780554267564856,0.0029605460117379215,0.12045658295731451,43.28800557880056,E3,0111,N_t+D_t+R_t
E3_subset_1000,osi_target_t24h,0.008482103968671507,0.0029599715551901625,28680,0.4725754992478305,0.0031128050667904696,0.12309004660399306,41.92817294281729,E3,1000,P_t
E3_subset_1001,osi_target_t24h,0.008476664067698713,0.0029763309061778607,28680,0.4732517977278047,0.0031425636646106305,0.12311173477452768,41.35634588563459,E3,1001,P_t+R_t
E3_subset_1010,osi_target_t24h,0.008573267169344988,0.0029431598427045584,28680,0.4611773626735318,0.003074363615760774,0.12217394782721229,42.601115760111576,E3,1010,P_t+D_t
E3_subset_1011,osi_target_t24h,0.008566960990401107,0.0029589216774897104,28680,0.46196974723675066,0.0031037033253767934,0.12219563599774691,42.036262203626215,E3,1011,P_t+D_t+R_t
E3_subset_1100,osi_target_t24h,0.008498159451451603,0.0029039492622626433,28680,0.4705769221339662,0.003004377274816002,0.12312346907257807,43.44839609483961,E3,1100,P_t+N_t
E3_subset_1101,osi_target_t24h,0.008490826360629691,0.0029174298030118827,28680,0.47149020988931356,0.0030314687344387137,0.12314515724311269,43.0718270571827,E3,1101,P_t+N_t+R_t
E3_subset_1110,osi_target_t24h,0.008591796018439714,0.0028887698179027956,28680,0.4588458006750207,0.002967919063987529,0.1222073702957973,43.97838214783821,E3,1110,P_t+N_t+D_t
E3_subset_1111,osi_target_t24h,0.008583942859525412,0.002901655996975735,28680,0.45983461086251143,0.0029947179251444064,0.12222905846633192,43.60529986052998,E3,1111,P_t+N_t+D_t+R_t
E3_subset_0000,osi_target_t48h,0.007593428433818521,0.0023066625802577725,22944,0.37699845446964386,0.002066386768712737,0.061932949881020403,46.71373779637378,E3,0000,none
E3_subset_0001,osi_target_t48h,0.007591376001408251,0.00232060523634693,22944,0.3773351918916883,0.002090832514737974,0.062368074966302915,46.35634588563459,E3,0001,R_t
E3_subset_0010,osi_target_t48h,0.007645988582900687,0.0024005149623433815,22944,0.36834402869580485,0.0022289609666231564,0.06084009872848946,41.85407949790795,E3,0010,D_t
E3_subset_0011,osi_target_t48h,0.0076446473703221446,0.0024168038696511063,22944,0.36856561171828484,0.0022558198978126645,0.060924677160388185,41.40951882845189,E3,0011,D_t+R_t
E3_subset_0100,osi_target_t48h,0.00760981297039751,0.0022608250188764357,22944,0.3743070208721456,0.0019775942531923573,0.06164858578156063,48.06049511854951,E3,0100,N_t
E3_subset_0101,osi_target_t48h,0.007606511456064266,0.00227366477909132,22944,0.37484981640150317,0.002002044042729195,0.06208371086684314,47.66387726638773,E3,0101,N_t+R_t
E3_subset_0110,osi_target_t48h,0.0076580789588735045,0.002344330808882054,22944,0.3663448114215687,0.0021338513850095806,0.0591816236566795,43.38389121338912,E3,0110,N_t+D_t
E3_subset_0111,osi_target_t48h,0.007655635215723993,0.002359430112406913,22944,0.36674915393822893,0.0021602281388355474,0.05961674874196201,42.95240585774059,E3,0111,N_t+D_t+R_t
E3_subset_1000,osi_target_t48h,0.007656970822024628,0.0023042604603024162,22944,0.3665281800874304,0.0020287904930322014,0.05795014765714693,45.650278940027896,E3,1000,P_t
E3_subset_1001,osi_target_t48h,0.007654023494705486,0.0023186189690189963,22944,0.3670157591865719,0.002054342518709781,0.05817658915011412,45.17956764295676,E3,1001,P_t+R_t
E3_subset_1010,osi_target_t48h,0.007735082407975278,0.002404648316133433,22944,0.3535376962186344,0.0021814170677258477,0.05692097615054193,44.30352161785216,E3,1010,P_t+D_t
E3_subset_1011,osi_target_t48h,0.007733303319693009,0.0024195514870702776,22944,0.3538350379105366,0.0022067864613755186,0.05700555458244066,43.976638772663875,E3,1011,P_t+D_t+R_t
E3_subset_1100,osi_target_t48h,0.007674650840216606,0.0022576607070396403,22944,0.3635994178457508,0.0019399783431087497,0.05767021856422609,46.97960251046025,E3,1100,P_t+N_t
E3_subset_1101,osi_target_t48h,0.007671150240251615,0.002270544933909471,22944,0.3641798418488871,0.0019647025295240913,0.05789666005719329,46.54811715481171,E3,1101,P_t+N_t+R_t
E3_subset_1110,osi_target_t48h,0.007750405921968942,0.0023510043267030017,22944,0.3509738227382996,0.0020884625951316754,0.0548141217452367,45.767956764295675,E3,1110,P_t+N_t+D_t
E3_subset_1111,osi_target_t48h,0.00774770820201748,0.002366630574453262,22944,0.3514255632444533,0.0021143741927035745,0.054898700177135426,45.34954672245467,E3,1111,P_t+N_t+D_t+R_t
E2_profile_huber_all,osi_target_t01h,0.011957055540273829,0.0036023947164733135,34177,0.7243441945635581,0.005716758322680152,0.30192190279859404,47.13696345495509,E2,1111,P_t+N_t+D_t+R_t
E2_profile_huber_all,osi_target_t06h,0.010461012289881028,0.0034600160972288836,32982,0.7032627979377823,0.004942354228041794,0.26658980304577384,40.710084288399734,E2,1111,P_t+N_t+D_t+R_t
E2_profile_huber_all,osi_target_t24h,0.00857833808427345,0.002945109333392343,28680,0.46053976868312596,0.0030736071564289535,0.12219748463502357,42.56276150627615,E2,1111,P_t+N_t+D_t+R_t
E2_profile_huber_all,osi_target_t48h,0.007729676596327991,0.0023075468375261523,22944,0.35444096579329354,0.001995842338720016,0.05569292893471417,44.57810320781032,E2,1111,P_t+N_t+D_t+R_t
