fipsCode,county_name,tree_canopy_pct,tree_canopy_std,tree_canopy_min_pct,tree_canopy_max_pct,valid_pixels,non_processing_pixels,valid_pixel_pct
18001,Adams,5.1,18.45,0.0,96.0,978332,0,100.0
18003,Allen,10.31,23.47,0.0,97.0,1899276,0,100.0
18005,Bartholomew,22.42,34.37,0.0,96.0,1178544,0,100.0
18007,Benton,0.68,6.94,0.0,92.0,1169836,0,100.0
18009,Blackford,7.78,22.7,0.0,96.0,476505,0,100.0
18011,Boone,5.18,18.15,0.0,97.0,1217934,0,100.0
18013,Brown,69.72,26.9,0.0,97.0,911202,0,100.0
18015,Carroll,9.17,25.2,0.0,98.0,1079193,0,100.0
18017,Cass,10.8,26.92,0.0,97.0,1193847,0,100.0
18019,Clark,35.21,38.27,0.0,98.0,1083849,0,100.0
18021,Clay,21.77,34.79,0.0,97.0,1036918,0,100.0
18023,Clinton,4.23,17.49,0.0,96.0,1166199,0,100.0
18025,Crawford,58.75,35.17,0.0,99.0,888580,0,100.0
18027,Daviess,12.45,28.13,0.0,99.0,1257240,0,100.0
18029,Dearborn,42.24,37.89,0.0,97.0,884618,0,100.0
18031,Decatur,12.68,28.75,0.0,97.0,1074330,0,100.0
18033,DeKalb,11.83,26.88,0.0,96.0,1047105,0,100.0
18035,Delaware,8.28,22.38,0.0,97.0,1139332,0,100.0
18037,Dubois,28.1,36.89,0.0,98.0,1252777,0,100.0
18039,Elkhart,12.95,26.68,0.0,96.0,1346692,0,100.0
18041,Fayette,20.31,34.36,0.0,97.0,619191,0,100.0
18043,Floyd,41.21,37.4,0.0,98.0,430270,0,100.0
18045,Fountain,14.77,30.6,0.0,98.0,1144990,0,100.0
18047,Franklin,37.02,39.89,0.0,97.0,1125348,0,100.0
18049,Fulton,8.94,24.78,0.0,96.0,1068411,0,100.0
18051,Gibson,13.28,29.29,0.0,99.0,1436876,0,100.0
18053,Grant,7.79,22.21,0.0,97.0,1193975,0,100.0
18055,Greene,33.52,38.48,0.0,99.0,1571000,0,100.0
18057,Hamilton,10.08,21.23,0.0,97.0,1158207,0,100.0
18059,Hancock,6.23,19.14,0.0,95.0,883553,0,100.0
18061,Harrison,40.69,39.66,0.0,99.0,1398950,0,100.0
18063,Hendricks,9.92,23.81,0.0,97.0,1176375,0,100.0
18065,Henry,8.51,23.7,0.0,97.0,1136236,0,100.0
18067,Howard,5.95,19.33,0.0,97.0,845837,0,100.0
18069,Huntington,10.95,26.5,0.0,98.0,1115743,0,100.0
18071,Jackson,31.39,38.63,0.0,97.0,1478930,0,100.0
18073,Jasper,7.39,22.12,0.0,95.0,1615554,0,100.0
18075,Jay,7.09,21.75,0.0,97.0,1105311,0,100.0
18077,Jefferson,39.19,39.39,0.0,97.0,1044636,0,100.0
18079,Jennings,36.04,39.68,0.0,97.0,1088789,0,100.0
18081,Johnson,13.82,27.62,0.0,97.0,926051,0,100.0
18083,Knox,9.21,24.8,0.0,99.0,1507656,0,100.0
18085,Kosciusko,12.53,27.79,0.0,97.0,1595407,0,100.0
18087,LaGrange,13.73,28.55,0.0,96.0,1112838,0,100.0
18089,Lake,12.48,23.88,0.0,97.0,1803258,0,100.0
18091,LaPorte,16.65,30.72,0.0,95.0,1764810,0,100.0
18093,Lawrence,40.71,38.67,0.0,98.0,1300542,0,100.0
18095,Madison,7.13,20.51,0.0,96.0,1303363,0,100.0
18097,Marion,17.09,22.61,0.0,98.0,1159741,0,100.0
18099,Marshall,12.89,28.66,0.0,97.0,1294274,0,100.0
18101,Martin,54.8,36.45,0.0,98.0,979621,0,100.0
18103,Miami,11.21,27.25,0.0,96.0,1086033,0,100.0
18105,Monroe,50.53,37.0,0.0,97.0,1183687,0,100.0
18107,Montgomery,9.3,25.26,0.0,97.0,1454468,0,100.0
18109,Morgan,33.6,38.46,0.0,97.0,1178246,0,100.0
18111,Newton,8.09,23.13,0.0,94.0,1160978,0,100.0
18113,Noble,15.42,29.89,0.0,97.0,1201269,0,100.0
18115,Ohio,41.78,38.51,0.0,97.0,251663,0,100.0
18117,Orange,46.69,38.95,0.0,97.0,1174674,0,100.0
18119,Owen,45.69,38.49,0.0,98.0,1116057,0,100.0
18121,Parke,32.47,39.09,0.0,99.0,1294999,0,100.0
18123,Perry,56.77,36.62,0.0,99.0,1111700,0,100.0
18125,Pike,34.45,39.1,0.0,99.0,981616,0,100.0
18127,Porter,14.79,28.01,0.0,97.0,1501703,0,100.0
18129,Posey,16.41,32.41,0.0,99.0,1207548,0,100.0
18131,Pulaski,9.54,25.39,0.0,96.0,1250500,0,100.0
18133,Putnam,27.22,37.58,0.0,97.0,1389096,0,100.0
18135,Randolph,5.51,19.5,0.0,97.0,1304532,0,100.0
18137,Ripley,31.66,38.61,0.0,97.0,1289429,0,100.0
18139,Rush,5.25,19.41,0.0,97.0,1175449,0,100.0
18141,St. Joseph,16.72,29.49,0.0,97.0,1327751,0,100.0
18143,Scott,35.51,39.3,0.0,97.0,554679,0,100.0
18145,Shelby,6.3,20.56,0.0,98.0,1187814,0,100.0
18147,Spencer,21.8,35.27,0.0,99.0,1155460,0,100.0
18149,Starke,16.79,31.1,0.0,96.0,898443,0,100.0
18151,Steuben,18.26,31.27,0.0,96.0,927984,0,100.0
18153,Sullivan,20.07,33.71,0.0,99.0,1306816,0,100.0
18155,Switzerland,46.67,38.43,0.0,98.0,643419,0,100.0
18157,Tippecanoe,11.85,26.87,0.0,97.0,1448211,0,100.0
18159,Tipton,2.2,12.65,0.0,96.0,749861,0,100.0
18161,Union,16.32,31.95,0.0,97.0,475339,0,100.0
18163,Vanderburgh,21.61,31.92,0.0,99.0,681642,0,100.0
18165,Vermillion,19.92,33.73,0.0,98.0,747952,0,100.0
18167,Vigo,23.6,34.28,0.0,99.0,1181197,0,100.0
18169,Wabash,12.8,28.47,0.0,97.0,1211465,0,100.0
18171,Warren,11.93,28.11,0.0,97.0,1054414,0,100.0
18173,Warrick,30.04,37.95,0.0,99.0,1125368,0,100.0
18175,Washington,35.01,39.24,0.0,98.0,1486626,0,100.0
18177,Wayne,13.69,28.72,0.0,96.0,1163595,0,100.0
18179,Wells,5.71,19.83,0.0,97.0,1065478,0,100.0
18181,White,3.99,16.79,0.0,95.0,1463975,0,100.0
18183,Whitley,11.17,26.59,0.0,97.0,972592,0,100.0
39001,Adams,49.38,39.71,0.0,98.0,1687191,0,100.0
39003,Allen,7.15,20.34,0.0,96.0,1170809,0,100.0
39005,Ashland,23.39,35.21,0.0,97.0,1228321,0,100.0
39007,Ashtabula,19.65,32.7,0.0,97.0,3936815,480,99.99
39009,Athens,61.84,34.71,0.0,97.0,1463108,0,100.0
39011,Auglaize,5.68,19.12,0.0,96.0,1156585,0,100.0
39013,Belmont,45.04,39.47,0.0,97.0,1557791,0,100.0
39015,Brown,25.0,35.78,0.0,98.0,1418668,0,100.0
39017,Butler,18.87,29.03,0.0,96.0,1352726,0,100.0
39019,Carroll,40.61,38.6,0.0,97.0,1148216,0,100.0
39021,Champaign,9.73,25.23,0.0,97.0,1236916,0,100.0
39023,Clark,9.83,23.97,0.0,97.0,1155442,0,100.0
39025,Clermont,34.97,35.77,0.0,98.0,1324426,0,100.0
39027,Clinton,9.49,24.91,0.0,97.0,1186587,0,100.0
39029,Columbiana,34.71,37.93,0.0,97.0,1538862,0,100.0
39031,Coshocton,45.56,40.14,0.0,97.0,1632949,0,100.0
39033,Crawford,7.98,23.14,0.0,96.0,1158868,0,100.0
39035,Cuyahoga,10.11,22.16,0.0,97.0,3584146,194,99.99
39037,Darke,4.92,18.26,0.0,97.0,1725922,0,100.0
39039,Defiance,9.31,23.88,0.0,97.0,1191914,0,100.0
39041,Delaware,16.19,29.2,0.0,96.0,1316057,0,100.0
39043,Erie,7.21,21.51,0.0,96.0,1800382,459,99.97
39045,Fairfield,20.54,33.77,0.0,97.0,1463499,0,100.0
39047,Fayette,3.67,15.88,0.0,95.0,1171286,0,100.0
39049,Franklin,15.28,24.16,0.0,97.0,1564400,0,100.0
39051,Fulton,6.25,20.34,0.0,96.0,1171876,0,100.0
39053,Gallia,54.72,37.34,0.0,98.0,1355983,0,100.0
39055,Geauga,44.74,35.78,0.0,96.0,1175343,0,100.0
39057,Greene,13.88,27.66,0.0,97.0,1197934,0,100.0
39059,Guernsey,48.76,38.65,0.0,97.0,1520293,0,100.0
39061,Hamilton,33.62,30.91,0.0,98.0,1187502,0,100.0
39063,Hancock,5.49,18.93,0.0,97.0,1535719,0,100.0
39065,Hardin,5.65,19.57,0.0,96.0,1354074,0,100.0
39067,Harrison,45.57,38.64,0.0,97.0,1182075,0,100.0
39069,Henry,3.94,16.13,0.0,97.0,1207941,0,100.0
39071,Highland,21.16,34.68,0.0,96.0,1605199,0,100.0
39073,Hocking,67.17,31.84,0.0,97.0,1219162,0,100.0
39075,Holmes,30.22,38.55,0.0,97.0,1220289,0,100.0
39077,Huron,13.62,28.96,0.0,96.0,1426155,0,100.0
39079,Jackson,53.12,37.84,0.0,97.0,1213111,0,100.0
39081,Jefferson,50.59,38.05,0.0,97.0,1182665,0,100.0
39083,Knox,25.58,36.43,0.0,97.0,1524167,0,100.0
39085,Lake,9.36,23.86,0.0,96.0,2817951,324,99.99
39087,Lawrence,66.66,31.0,0.0,97.0,1315883,0,100.0
39089,Licking,27.33,36.57,0.0,97.0,1978052,0,100.0
39091,Logan,12.48,27.95,0.0,97.0,1343471,0,100.0
39093,Lorain,12.08,26.04,0.0,96.0,2655348,185,99.99
39095,Lucas,10.45,22.76,0.0,97.0,1714501,179,99.99
39097,Madison,4.05,16.63,0.0,96.0,1345391,0,100.0
39099,Mahoning,27.27,32.96,0.0,98.0,1223745,0,100.0
39101,Marion,6.68,20.89,0.0,96.0,1163062,0,100.0
39103,Medina,24.11,33.36,0.0,96.0,1217525,0,100.0
39105,Meigs,58.5,35.55,0.0,97.0,1246077,0,100.0
39107,Mercer,4.1,16.62,0.0,96.0,1362402,0,100.0
39109,Miami,8.41,22.46,0.0,96.0,1178852,0,100.0
39111,Monroe,62.41,34.75,0.0,97.0,1316034,0,100.0
39113,Montgomery,15.86,26.23,0.0,97.0,1335976,0,100.0
39115,Morgan,57.74,37.01,0.0,97.0,1213797,0,100.0
39117,Morrow,17.66,32.04,0.0,96.0,1171898,0,100.0
39119,Muskingum,43.98,39.45,0.0,97.0,1935541,0,100.0
39121,Noble,53.94,37.41,0.0,98.0,1164124,0,100.0
39123,Ottawa,3.61,14.62,0.0,96.0,1683421,293,99.98
39125,Paulding,4.43,16.96,0.0,96.0,1205350,0,100.0
39127,Perry,47.39,39.27,0.0,97.0,1187051,0,100.0
39129,Pickaway,7.15,21.86,0.0,97.0,1457762,0,100.0
39131,Pike,55.39,38.15,0.0,97.0,1277658,0,100.0
39133,Portage,34.87,35.85,0.0,96.0,1450625,0,100.0
39135,Preble,11.95,27.5,0.0,97.0,1227562,0,100.0
39137,Putnam,3.04,14.09,0.0,96.0,1393694,0,100.0
39139,Richland,24.68,35.19,0.0,96.0,1439107,0,100.0
39141,Ross,38.01,40.35,0.0,97.0,1994365,0,100.0
39143,Sandusky,6.91,20.48,0.0,97.0,1202069,0,100.0
39145,Scioto,61.02,35.95,0.0,97.0,1773774,0,100.0
39147,Seneca,7.46,22.16,0.0,97.0,1590801,0,100.0
39149,Shelby,7.83,22.49,0.0,97.0,1181913,0,100.0
39151,Stark,21.36,31.86,0.0,97.0,1669666,0,100.0
39153,Summit,34.64,32.91,0.0,97.0,1208706,0,100.0
39155,Trumbull,34.05,35.02,0.0,96.0,1830376,0,100.0
39157,Tuscarawas,42.21,39.64,0.0,97.0,1644813,0,100.0
39159,Union,7.51,21.96,0.0,95.0,1257278,0,100.0
39161,Van Wert,2.71,13.6,0.0,95.0,1181094,0,100.0
39163,Vinton,66.71,31.75,0.0,97.0,1194197,0,100.0
39165,Warren,22.46,32.19,0.0,97.0,1172649,0,100.0
39167,Washington,55.05,37.1,0.0,97.0,1842204,0,100.0
39169,Wayne,13.46,28.26,0.0,97.0,1602793,0,100.0
39171,Williams,9.46,24.21,0.0,96.0,1217569,0,100.0
39173,Wood,4.43,15.89,0.0,97.0,1785746,0,100.0
39175,Wyandot,7.65,22.73,0.0,97.0,1172894,0,100.0
42001,Adams,29.81,37.22,0.0,97.0,1501393,0,100.0
42003,Allegheny,42.69,33.56,0.0,98.0,2141770,0,100.0
42005,Armstrong,50.42,37.06,0.0,98.0,1910756,0,100.0
42007,Beaver,49.11,36.81,0.0,97.0,1277801,0,100.0
42009,Bedford,57.61,37.38,0.0,98.0,2925591,0,100.0
42011,Berks,36.52,37.46,0.0,98.0,2491444,0,100.0
42013,Blair,56.29,37.19,0.0,98.0,1514664,0,100.0
42015,Bradford,47.92,38.05,0.0,98.0,3341135,0,100.0
42017,Bucks,38.0,32.61,0.0,98.0,1789801,0,100.0
42019,Butler,45.88,37.61,0.0,98.0,2289731,0,100.0
42021,Cambria,55.82,35.88,0.0,98.0,1994943,0,100.0
42023,Cameron,79.56,18.49,0.0,99.0,1146544,0,100.0
42025,Carbon,65.1,30.84,0.0,98.0,1115141,0,100.0
42027,Centre,61.66,33.83,0.0,99.0,3198957,0,100.0
42029,Chester,35.75,36.25,0.0,98.0,2184815,0,100.0
42031,Clarion,51.32,36.8,0.0,99.0,1754986,0,100.0
42033,Clearfield,63.06,32.31,0.0,99.0,3322026,0,100.0
42035,Clinton,73.0,26.28,0.0,99.0,2585921,0,100.0
42037,Columbia,47.06,38.82,0.0,97.0,1411298,0,100.0
42039,Crawford,44.71,37.64,0.0,97.0,2985960,0,100.0
42041,Cumberland,32.57,37.23,0.0,97.0,1583844,0,100.0
42043,Dauphin,42.62,38.07,0.0,98.0,1606074,0,100.0
42045,Delaware,40.38,31.43,0.0,98.0,548513,0,100.0
42047,Elk,72.35,24.46,0.0,98.0,2393834,0,100.0
42049,Erie,21.29,33.78,0.0,97.0,4483205,592,99.99
42051,Fayette,54.9,37.93,0.0,99.0,2298553,0,100.0
42053,Forest,74.47,20.99,0.0,99.0,1238853,0,100.0
42055,Franklin,35.1,39.56,0.0,98.0,2224176,0,100.0
42057,Fulton,57.79,36.65,0.0,98.0,1260621,0,100.0
42059,Greene,56.91,37.34,0.0,98.0,1663310,0,100.0
42061,Huntingdon,63.33,34.02,0.0,98.0,2558929,0,100.0
42063,Indiana,51.97,37.42,0.0,98.0,2401117,0,100.0
42065,Jefferson,55.79,35.75,0.0,98.0,1890139,0,100.0
42067,Juniata,53.4,38.3,0.0,98.0,1132398,0,100.0
42069,Lackawanna,56.26,33.15,0.0,97.0,1338261,0,100.0
42071,Lancaster,19.17,31.64,0.0,99.0,2831194,0,100.0
42073,Lawrence,35.91,37.14,0.0,97.0,1041128,0,100.0
42075,Lebanon,30.92,37.19,0.0,97.0,1043174,0,100.0
42077,Lehigh,32.74,34.01,0.0,97.0,1002079,0,100.0
42079,Luzerne,59.41,32.65,0.0,98.0,2607317,0,100.0
42081,Lycoming,63.29,33.17,0.0,99.0,3579763,0,100.0
42083,McKean,71.26,25.52,0.0,97.0,2833810,0,100.0
42085,Mercer,37.42,36.95,0.0,97.0,1964250,0,100.0
42087,Mifflin,55.88,38.0,0.0,99.0,1193463,0,100.0
42089,Monroe,65.19,27.27,0.0,97.0,1775900,0,100.0
42091,Montgomery,36.44,29.93,0.0,98.0,1402022,0,100.0
42093,Montour,31.31,37.52,0.0,97.0,380819,0,100.0
42095,Northampton,35.82,35.0,0.0,97.0,1085344,0,100.0
42097,Northumberland,39.65,38.57,0.0,98.0,1373354,0,100.0
42099,Perry,55.16,37.58,0.0,98.0,1598717,0,100.0
42101,Philadelphia,16.85,25.31,0.0,98.0,409827,0,100.0
42103,Pike,73.29,22.23,0.0,98.0,1631180,0,100.0
42105,Potter,70.96,27.34,0.0,98.0,3112205,0,100.0
42107,Schuylkill,55.84,35.16,0.0,98.0,2252649,0,100.0
42109,Snyder,43.01,39.11,0.0,98.0,954133,0,100.0
42111,Somerset,52.4,38.04,0.0,98.0,3112720,0,100.0
42113,Sullivan,68.87,25.85,0.0,97.0,1302177,0,100.0
42115,Susquehanna,54.59,35.73,0.0,98.0,2394698,0,100.0
42117,Tioga,57.74,36.19,0.0,98.0,3272276,0,100.0
42119,Union,48.38,38.11,0.0,98.0,914374,0,100.0
42121,Venango,63.49,32.54,0.0,98.0,1964986,0,100.0
42123,Warren,68.64,29.69,0.0,98.0,2586274,0,100.0
42125,Washington,42.43,38.61,0.0,97.0,2477310,0,100.0
42127,Wayne,59.65,33.03,0.0,97.0,2160583,0,100.0
42129,Westmoreland,47.85,37.64,0.0,98.0,2981205,0,100.0
42131,Wyoming,59.11,34.08,0.0,98.0,1165458,0,100.0
42133,York,30.54,36.78,0.0,98.0,2620850,0,100.0
54001,Barbour,61.79,35.76,0.0,98.0,986641,0,100.0
54003,Berkeley,43.31,37.9,0.0,98.0,925295,0,100.0
54005,Boone,77.79,22.78,0.0,98.0,1450459,0,100.0
54007,Braxton,75.89,25.76,0.0,98.0,1485749,0,100.0
54009,Brooke,52.51,37.15,0.0,96.0,265932,0,100.0
54011,Cabell,64.61,31.99,0.0,97.0,828855,0,100.0
54013,Calhoun,76.53,23.25,0.0,97.0,807672,0,100.0
54015,Clay,79.29,20.1,0.0,98.0,989429,0,100.0
54017,Doddridge,75.34,24.57,0.0,97.0,922238,0,100.0
54019,Fayette,76.49,26.01,0.0,99.0,1924360,0,100.0
54021,Gilmer,76.52,23.84,0.0,97.0,978675,0,100.0
54023,Grant,60.56,35.13,0.0,98.0,1382165,0,100.0
54025,Greenbrier,67.23,33.49,0.0,99.0,2948281,0,100.0
54027,Hampshire,62.75,32.69,0.0,97.0,1855043,0,100.0
54029,Hancock,51.17,36.9,0.0,96.0,253131,0,100.0
54031,Hardy,66.12,32.83,0.0,99.0,1682040,0,100.0
54033,Harrison,59.54,36.3,0.0,97.0,1198628,0,100.0
54035,Jackson,61.21,33.32,0.0,97.0,1357264,0,100.0
54037,Jefferson,26.46,36.07,0.0,98.0,609128,0,100.0
54039,Kanawha,74.38,25.23,0.0,98.0,2621674,0,100.0
54041,Lewis,69.42,31.46,0.0,97.0,1121340,0,100.0
54043,Lincoln,76.97,22.14,0.0,98.0,1262364,0,100.0
54045,Logan,77.18,22.8,0.0,98.0,1308560,0,100.0
54047,McDowell,81.68,18.05,0.0,99.0,1539364,0,100.0
54049,Marion,64.89,33.28,0.0,98.0,896459,0,100.0
54051,Marshall,58.83,36.17,0.0,97.0,898187,0,100.0
54053,Mason,56.39,36.91,0.0,97.0,1279774,0,100.0
54055,Mercer,69.83,32.87,0.0,99.0,1210580,0,100.0
54057,Mineral,60.88,33.79,0.0,98.0,947402,0,100.0
54059,Mingo,77.48,22.17,0.0,98.0,1220017,0,100.0
54061,Monongalia,60.52,35.42,0.0,98.0,1052904,0,100.0
54063,Monroe,58.91,38.77,0.0,99.0,1363002,0,100.0
54065,Morgan,64.85,30.32,0.0,99.0,660830,0,100.0
54067,Nicholas,73.72,28.22,0.0,99.0,1882978,0,100.0
54069,Ohio,47.37,38.15,0.0,97.0,314327,0,100.0
54071,Pendleton,69.86,32.13,0.0,99.0,2009100,0,100.0
54073,Pleasants,68.48,30.74,0.0,97.0,387193,0,100.0
54075,Pocahontas,77.38,25.21,0.0,98.0,2710367,0,100.0
54077,Preston,62.6,35.33,0.0,98.0,1874541,0,100.0
54079,Putnam,62.46,32.3,0.0,97.0,1008396,0,100.0
54081,Raleigh,72.16,29.89,0.0,99.0,1752540,0,100.0
54083,Randolph,75.96,25.28,0.0,99.0,2992727,0,100.0
54085,Ritchie,72.49,26.96,0.0,96.0,1305597,0,100.0
54087,Roane,71.89,27.72,0.0,97.0,1392008,0,100.0
54089,Summers,70.54,32.14,0.0,99.0,1058220,0,100.0
54091,Taylor,58.06,36.22,0.0,97.0,505568,0,100.0
54093,Tucker,71.33,28.48,0.0,98.0,1211791,0,100.0
54095,Tyler,69.0,30.78,0.0,97.0,750266,0,100.0
54097,Upshur,64.49,33.52,0.0,98.0,1020868,0,100.0
54099,Wayne,75.75,24.41,0.0,98.0,1473765,0,100.0
54101,Webster,80.34,19.3,0.0,98.0,1600702,0,100.0
54103,Wetzel,76.01,24.47,0.0,97.0,1039834,0,100.0
54105,Wirt,70.74,28.47,0.0,97.0,675615,0,100.0
54107,Wood,55.63,35.7,0.0,97.0,1084237,0,100.0
54109,Wyoming,80.02,19.91,0.0,99.0,1444124,0,100.0
