fipsCode,county_name,total_pixels,pct_forest,pct_developed,pct_agriculture,pct_water,pct_wetland,pct_barren,pct_shrub,pct_grassland,pct_unmapped,cls_11,cls_21,cls_22,cls_23,cls_24,cls_31,cls_41,cls_42,cls_43,cls_52,cls_71,cls_81,cls_82,cls_90,cls_95,cls_100,cls_101,cls_102,cls_103,cls_104
39063,Hancock,1535719,5.49,11.23,78.4,0.4,0.79,0.03,0.0,0.0,3.65,0.4,2.96,6.29,1.57,0.41,0.03,5.42,0.0,0.06,0.0,0.0,0.93,77.47,0.62,0.17,2.62,0.96,0.02,0.05,0.01
39003,Allen,1170809,7.56,16.81,69.73,0.58,0.64,0.07,0.01,0.0,4.61,0.58,4.83,8.3,2.61,1.07,0.07,7.45,0.01,0.1,0.01,0.0,3.93,65.8,0.41,0.23,3.2,1.28,0.02,0.09,0.02
42007,Beaver,1277801,54.83,20.72,16.29,1.64,0.39,0.13,0.0,0.02,5.98,1.64,10.38,6.1,2.92,1.32,0.13,52.0,0.24,2.59,0.0,0.02,14.87,1.42,0.37,0.02,3.01,1.57,0.02,0.81,0.56
39085,Lake,664923,33.92,42.08,9.65,0.33,1.08,0.24,0.0,0.13,12.57,0.33,17.42,14.38,8.08,2.2,0.24,32.24,0.05,1.62,0.0,0.13,7.07,2.59,0.84,0.24,9.13,1.82,0.03,0.99,0.59
54075,Pocahontas,2710367,87.69,2.31,6.23,0.08,0.28,0.69,0.0,0.0,2.71,0.08,2.02,0.24,0.05,0.01,0.69,59.32,3.86,24.51,0.0,0.0,6.22,0.01,0.23,0.05,0.27,0.28,0.0,0.95,1.21
42053,Forest,1238853,82.9,2.55,2.45,0.6,1.75,0.04,0.04,0.03,9.63,0.6,2.24,0.27,0.04,0.01,0.04,54.99,3.94,23.97,0.04,0.03,2.26,0.19,1.64,0.11,0.25,0.24,0.09,1.56,7.48
18073,Jasper,1615554,7.3,7.8,78.57,0.22,1.52,0.02,0.03,0.34,4.2,0.22,3.1,3.89,0.65,0.17,0.02,7.01,0.1,0.19,0.03,0.34,1.67,76.9,1.19,0.33,1.94,1.77,0.08,0.3,0.11
18151,Steuben,927976,4.18,10.43,55.1,4.01,19.78,0.03,0.02,0.01,6.44,4.01,4.5,4.55,1.17,0.21,0.03,3.96,0.11,0.11,0.02,0.01,7.75,47.36,18.46,1.32,2.86,2.85,0.45,0.19,0.09
39047,Fayette,1171286,4.12,7.42,85.37,0.08,0.29,0.01,0.0,0.0,2.71,0.08,3.4,3.12,0.74,0.15,0.01,3.99,0.01,0.11,0.0,0.0,5.93,79.44,0.23,0.06,1.77,0.88,0.0,0.06,0.0
42117,Tioga,3272276,65.2,5.6,22.71,0.29,1.15,0.29,0.02,0.01,4.75,0.29,4.27,1.09,0.21,0.03,0.29,45.07,1.81,18.32,0.02,0.01,21.99,0.72,0.94,0.21,0.98,0.74,0.08,0.78,2.17
39017,Butler,1352726,18.02,25.23,41.33,0.52,0.16,0.1,0.0,0.0,14.63,0.52,9.64,9.41,4.67,1.51,0.1,16.28,0.15,1.58,0.0,0.0,20.81,20.52,0.05,0.1,12.32,1.81,0.04,0.4,0.06
18115,Ohio,251663,51.45,7.13,35.9,1.03,0.35,0.01,0.0,0.01,4.12,1.03,5.41,1.46,0.24,0.02,0.01,41.99,0.93,8.53,0.0,0.01,27.23,8.67,0.27,0.08,1.91,1.86,0.05,0.2,0.09
42043,Dauphin,1606074,43.62,18.46,24.02,5.47,0.35,0.05,0.08,0.02,7.93,5.47,6.52,6.92,3.87,1.14,0.05,39.61,0.15,3.86,0.08,0.02,10.04,13.98,0.34,0.02,4.89,0.72,0.02,0.89,1.42
54079,Putnam,1008396,73.71,10.01,8.57,1.04,0.05,0.06,0.0,0.05,6.52,1.04,5.92,2.86,0.97,0.26,0.06,69.41,0.26,4.03,0.0,0.05,8.11,0.46,0.04,0.0,2.78,1.43,0.01,1.05,1.26
18123,Perry,1111700,66.27,6.52,21.78,0.98,0.91,0.03,0.0,0.01,3.49,0.98,4.7,1.31,0.43,0.08,0.03,59.0,1.9,5.37,0.0,0.01,13.26,8.52,0.77,0.14,1.05,1.54,0.04,0.32,0.55
39115,Morgan,1213797,67.94,6.41,20.46,0.73,0.05,0.02,0.0,0.01,4.38,0.73,5.36,0.88,0.15,0.02,0.02,63.71,0.72,3.52,0.0,0.01,19.4,1.06,0.05,0.0,0.71,2.52,0.01,0.47,0.66
39133,Portage,1450567,35.12,16.48,29.73,2.3,5.89,0.15,0.0,0.11,10.21,2.3,9.22,5.44,1.56,0.26,0.15,33.9,0.15,1.08,0.0,0.11,18.79,10.94,5.62,0.27,5.41,2.68,0.21,1.19,0.72
18007,Benton,1169845,0.57,5.98,92.03,0.02,0.24,0.0,0.0,0.0,1.17,0.02,3.21,2.31,0.41,0.05,0.0,0.55,0.0,0.01,0.0,0.0,1.57,90.46,0.19,0.06,0.72,0.43,0.01,0.01,0.0
18069,Huntington,1115743,11.64,9.53,72.05,0.96,0.96,0.11,0.17,0.01,4.56,0.96,2.09,5.88,1.34,0.21,0.11,11.51,0.01,0.12,0.17,0.01,4.93,67.13,0.53,0.43,1.83,2.0,0.09,0.34,0.31
18169,Wabash,1211465,13.22,8.77,70.51,1.04,1.16,0.05,0.22,0.01,5.02,1.04,2.45,5.21,0.91,0.2,0.05,12.95,0.06,0.22,0.22,0.01,6.06,64.45,0.68,0.48,1.51,2.48,0.08,0.59,0.37
18003,Allen,1899276,7.16,22.57,56.81,0.48,2.15,0.19,0.07,0.0,10.58,0.48,4.61,11.56,4.8,1.6,0.19,7.01,0.03,0.13,0.07,0.0,5.71,51.09,1.71,0.44,8.63,1.52,0.12,0.24,0.07
18099,Marshall,1294274,8.63,10.21,68.59,1.09,6.13,0.01,0.13,0.1,5.11,1.09,5.28,3.69,0.97,0.26,0.01,8.1,0.17,0.36,0.13,0.1,3.8,64.79,5.49,0.64,2.28,2.3,0.15,0.17,0.21
42127,Wayne,2160583,65.71,7.72,15.81,2.11,5.2,0.06,0.0,0.03,3.35,2.11,6.44,1.01,0.23,0.04,0.06,51.29,1.49,12.94,0.0,0.03,15.74,0.08,4.9,0.3,1.02,0.56,0.39,0.6,0.79
54103,Wetzel,1039834,87.8,4.89,3.22,0.62,0.01,0.02,0.0,0.03,3.41,0.62,3.73,0.8,0.32,0.04,0.02,86.47,0.05,1.28,0.0,0.03,3.22,0.0,0.01,0.0,1.0,0.48,0.0,0.73,1.2
18117,Orange,1174674,56.39,6.82,30.97,1.89,0.15,0.11,0.0,0.0,3.66,1.89,4.87,1.62,0.26,0.07,0.11,50.74,1.38,4.28,0.0,0.0,15.63,15.33,0.09,0.07,1.1,1.61,0.14,0.43,0.38
18111,Newton,1160978,6.98,6.61,77.54,0.13,3.21,0.06,0.02,0.42,5.02,0.13,2.67,3.41,0.45,0.07,0.06,6.72,0.08,0.17,0.02,0.42,1.64,75.89,2.52,0.7,1.08,3.15,0.24,0.44,0.11
18173,Warrick,1125368,25.99,10.51,41.44,1.24,5.25,0.04,0.0,0.02,15.5,1.24,4.6,4.49,1.17,0.25,0.04,21.9,0.7,3.39,0.0,0.02,12.54,28.91,4.66,0.58,4.22,7.88,0.39,1.98,1.03
42059,Greene,1663310,66.46,8.29,18.6,0.3,0.04,0.17,0.0,0.02,6.13,0.3,6.47,1.36,0.4,0.05,0.17,63.95,0.08,2.43,0.0,0.02,18.52,0.08,0.04,0.0,1.8,2.0,0.0,1.11,1.21
39145,Scioto,1773774,64.04,8.71,16.1,0.52,0.28,0.02,0.0,0.01,10.33,0.52,5.32,2.23,0.88,0.28,0.02,61.22,0.25,2.56,0.0,0.01,9.98,6.12,0.23,0.05,1.85,2.22,0.02,1.47,4.77
39163,Vinton,1194197,68.75,5.25,10.73,0.18,0.69,0.08,0.0,0.01,14.31,0.18,4.25,0.87,0.13,0.01,0.08,65.43,0.61,2.7,0.0,0.01,9.82,0.91,0.61,0.08,0.68,3.06,0.05,2.51,8.02
39125,Paulding,1205350,4.05,8.11,82.64,0.62,1.84,0.19,0.01,0.01,2.52,0.62,1.04,6.51,0.49,0.08,0.19,4.04,0.0,0.01,0.01,0.01,1.0,81.64,1.75,0.09,1.27,1.06,0.02,0.14,0.03
18179,Wells,1065478,5.57,8.4,81.78,0.11,1.07,0.05,0.02,0.0,3.01,0.11,1.72,5.83,0.67,0.17,0.05,5.44,0.04,0.09,0.02,0.0,1.98,79.8,0.84,0.23,1.59,1.28,0.05,0.06,0.03
54005,Boone,1450459,79.29,3.38,0.19,0.0,0.01,0.41,0.0,0.19,16.52,0.0,1.89,1.08,0.39,0.02,0.41,78.93,0.02,0.34,0.0,0.19,0.19,0.0,0.01,0.0,0.91,0.18,0.0,9.96,5.47
18171,Warren,1054428,13.12,5.77,76.84,0.35,0.91,0.04,0.05,0.03,2.9,0.35,3.71,1.7,0.33,0.03,0.04,13.03,0.01,0.09,0.05,0.03,6.21,70.63,0.81,0.1,0.81,1.75,0.05,0.21,0.08
42065,Jefferson,1890139,62.76,7.31,20.51,0.15,0.84,0.49,0.0,0.01,7.92,0.15,5.07,1.78,0.39,0.07,0.49,41.7,2.28,18.78,0.0,0.01,19.67,0.83,0.82,0.02,1.12,2.21,0.03,1.85,2.73
18089,Lake,1451195,5.75,35.67,39.17,1.01,5.87,0.32,0.22,0.12,11.86,1.01,6.96,12.74,11.18,4.79,0.32,5.53,0.02,0.2,0.22,0.12,2.99,36.18,3.64,2.23,8.9,1.69,0.36,0.55,0.35
18157,Tippecanoe,1448219,10.25,13.01,67.54,0.52,1.72,0.01,0.01,0.03,6.92,0.52,4.46,5.25,2.48,0.82,0.01,9.94,0.01,0.3,0.01,0.03,5.12,62.43,1.5,0.22,5.21,1.34,0.11,0.2,0.05
42109,Snyder,954133,50.05,10.25,33.87,0.31,0.66,0.05,0.05,0.01,4.75,0.31,5.87,3.21,0.95,0.22,0.05,37.85,0.42,11.77,0.05,0.01,15.06,18.81,0.65,0.01,2.32,1.42,0.01,0.38,0.62
18091,LaPorte,1737729,9.93,12.66,62.16,0.51,8.53,0.06,0.21,0.13,5.81,0.51,5.51,4.96,1.66,0.53,0.06,9.27,0.18,0.48,0.21,0.13,2.34,59.82,7.41,1.12,2.51,2.29,0.36,0.23,0.41
18057,Hamilton,1158207,5.24,18.87,49.81,0.96,1.26,0.19,0.01,0.0,23.65,0.96,5.89,9.55,2.89,0.54,0.19,5.17,0.0,0.07,0.01,0.0,3.62,46.18,1.01,0.26,22.02,1.27,0.11,0.2,0.05
39069,Henry,1207941,3.02,9.07,83.31,0.87,1.27,0.0,0.01,0.01,2.44,0.87,1.84,6.35,0.73,0.16,0.0,2.95,0.04,0.03,0.01,0.01,0.36,82.95,1.24,0.03,1.44,0.9,0.01,0.07,0.02
18129,Posey,1207548,10.61,7.93,67.6,2.19,7.03,0.01,0.0,0.0,4.62,2.19,4.4,2.55,0.81,0.17,0.01,10.41,0.0,0.19,0.0,0.0,2.25,65.35,6.75,0.28,1.77,2.16,0.37,0.29,0.03
39051,Fulton,1171876,4.2,9.24,79.49,0.15,2.4,0.0,0.0,0.0,4.5,0.15,2.41,5.58,1.02,0.23,0.0,4.01,0.12,0.07,0.0,0.0,0.5,78.98,2.39,0.01,2.79,1.52,0.02,0.14,0.04
42031,Clarion,1754986,59.3,7.36,24.63,0.98,0.16,0.69,0.0,0.11,6.78,0.98,5.07,1.81,0.41,0.07,0.69,39.44,3.41,16.45,0.0,0.11,22.61,2.02,0.15,0.01,1.1,2.44,0.01,1.42,1.81
18031,Decatur,1074330,15.02,8.02,72.64,0.16,0.11,0.06,0.0,0.0,3.99,0.16,3.4,3.83,0.67,0.12,0.06,14.76,0.0,0.25,0.0,0.0,6.44,66.2,0.08,0.03,2.08,1.78,0.0,0.09,0.03
18037,Dubois,1252777,32.14,9.15,49.82,1.05,2.46,0.01,0.0,0.0,5.37,1.05,4.89,3.1,0.91,0.26,0.01,30.03,0.28,1.83,0.0,0.0,16.73,33.08,2.39,0.07,2.75,2.12,0.03,0.28,0.18
18143,Scott,554679,37.86,9.3,43.02,0.86,3.76,0.07,0.01,0.0,5.12,0.86,5.75,2.73,0.64,0.18,0.07,32.93,0.55,4.37,0.01,0.0,18.06,24.97,3.61,0.15,2.03,2.25,0.03,0.57,0.24
18137,Ripley,1289429,38.26,7.46,48.26,0.3,1.13,0.07,0.1,0.0,4.41,0.3,4.47,2.5,0.41,0.08,0.07,35.68,0.35,2.23,0.1,0.0,12.58,35.68,1.09,0.05,1.56,2.17,0.01,0.25,0.42
18161,Union,475339,19.24,6.91,68.75,1.98,0.34,0.0,0.0,0.01,2.76,1.98,4.37,2.24,0.27,0.03,0.0,18.7,0.05,0.49,0.0,0.01,8.59,60.16,0.22,0.13,0.98,1.47,0.06,0.16,0.09
42033,Clearfield,3322026,68.97,6.71,8.38,0.42,0.68,2.76,0.01,0.04,12.03,0.42,4.18,1.93,0.48,0.11,2.76,45.26,2.33,21.39,0.01,0.04,8.22,0.16,0.64,0.04,1.06,2.34,0.03,4.78,3.83
18047,Franklin,1125348,44.17,6.59,43.23,1.34,0.22,0.04,0.0,0.0,4.4,1.34,4.7,1.58,0.28,0.03,0.04,42.06,0.14,1.97,0.0,0.0,14.34,28.89,0.18,0.04,1.46,2.13,0.09,0.4,0.3
42063,Indiana,2401117,59.13,9.16,22.91,0.42,0.17,0.54,0.0,0.04,7.63,0.42,6.33,2.18,0.54,0.1,0.54,50.65,0.62,7.86,0.0,0.04,16.86,6.05,0.15,0.02,1.67,2.55,0.03,1.78,1.6
42099,Perry,1598717,63.85,6.85,24.36,0.38,0.34,0.02,0.04,0.01,4.15,0.38,4.62,1.74,0.46,0.04,0.02,55.59,0.39,7.86,0.04,0.01,14.23,10.13,0.34,0.0,1.51,0.98,0.0,0.55,1.11
54011,Cabell,828855,72.38,15.15,5.17,1.97,0.15,0.0,0.0,0.03,5.15,1.97,7.54,4.18,2.54,0.89,0.0,69.58,0.08,2.72,0.0,0.03,5.13,0.04,0.09,0.06,2.43,1.18,0.02,0.61,0.91
18005,Bartholomew,1178544,24.68,11.66,55.05,0.53,1.49,0.08,0.04,0.01,6.45,0.53,4.84,4.93,1.52,0.37,0.08,23.45,0.1,1.14,0.04,0.01,5.83,49.22,1.42,0.07,3.37,2.02,0.1,0.56,0.39
39015,Brown,1418668,30.86,8.02,55.27,0.58,0.26,0.02,0.0,0.01,4.99,0.58,4.92,2.67,0.38,0.04,0.02,29.78,0.04,1.03,0.0,0.01,22.93,32.34,0.21,0.05,2.19,2.47,0.02,0.16,0.16
39091,Logan,1343471,13.93,9.2,69.01,1.69,1.41,0.11,0.01,0.0,4.63,1.69,4.5,3.66,0.86,0.18,0.11,13.61,0.05,0.28,0.01,0.0,12.35,56.67,0.95,0.46,2.49,1.86,0.07,0.15,0.06
42023,Cameron,1146544,87.17,2.21,1.12,0.15,0.76,0.04,0.01,0.01,8.53,0.15,1.63,0.45,0.1,0.02,0.04,64.45,0.47,22.24,0.01,0.01,1.1,0.02,0.71,0.05,0.2,0.19,0.09,1.33,6.73
39155,Trumbull,1830376,31.2,20.01,29.26,1.96,9.87,0.07,0.0,0.02,7.62,1.96,9.74,6.7,2.65,0.92,0.07,30.33,0.13,0.74,0.0,0.02,16.4,12.86,9.52,0.34,2.91,2.44,0.2,0.98,1.08
42019,Butler,2289731,52.69,13.31,23.83,0.7,0.77,0.14,0.0,0.02,8.54,0.7,8.67,3.27,1.09,0.29,0.14,48.94,0.26,3.49,0.0,0.02,20.04,3.79,0.76,0.01,4.61,2.33,0.05,0.81,0.74
39131,Pike,1277658,58.75,6.93,22.85,0.34,0.17,0.11,0.01,0.0,10.84,0.34,4.59,1.64,0.53,0.17,0.11,56.59,0.31,1.85,0.01,0.0,14.87,7.98,0.14,0.03,1.53,2.75,0.02,1.42,5.12
18017,Cass,1193847,10.46,9.41,74.42,0.54,1.25,0.16,0.04,0.03,3.69,0.54,4.64,3.6,0.93,0.24,0.16,10.26,0.03,0.17,0.04,0.03,4.3,70.12,1.07,0.18,1.44,1.85,0.05,0.25,0.1
18015,Carroll,1079193,8.71,7.73,78.14,0.73,1.57,0.04,0.01,0.01,3.06,0.73,3.67,3.49,0.48,0.09,0.04,8.6,0.01,0.11,0.01,0.01,2.57,75.57,1.29,0.28,1.52,1.25,0.06,0.19,0.05
42101,Philadelphia,404192,5.67,86.63,0.35,3.16,1.33,0.02,0.03,0.01,2.8,3.16,9.0,13.19,36.95,27.48,0.02,5.57,0.01,0.1,0.03,0.01,0.35,0.01,1.0,0.32,2.22,0.05,0.09,0.28,0.16
39111,Monroe,1316457,74.17,6.49,14.98,0.29,0.02,0.01,0.0,0.02,4.02,0.29,5.45,0.79,0.18,0.08,0.01,69.39,0.59,4.19,0.0,0.02,14.9,0.07,0.01,0.01,1.24,1.39,0.0,0.49,0.89
18107,Montgomery,1454536,9.83,7.83,78.4,0.17,0.56,0.0,0.0,0.0,3.2,0.17,3.86,3.18,0.63,0.16,0.0,9.68,0.0,0.15,0.0,0.0,4.45,73.95,0.47,0.09,1.59,1.39,0.03,0.16,0.03
18051,Gibson,1436876,8.33,8.19,68.42,1.8,6.21,0.02,0.0,0.01,7.03,1.8,4.3,3.08,0.71,0.11,0.02,8.03,0.03,0.27,0.0,0.01,3.5,64.92,5.97,0.24,2.49,3.76,0.28,0.42,0.07
54051,Marshall,898330,71.19,7.49,13.15,1.79,0.08,0.07,0.0,0.01,6.22,1.79,4.65,1.47,1.04,0.33,0.07,68.7,0.01,2.48,0.0,0.01,13.1,0.04,0.07,0.01,2.18,1.7,0.01,1.14,1.21
54035,Jackson,1357264,72.92,6.13,13.2,1.27,0.02,0.01,0.0,0.03,6.43,1.27,4.15,1.35,0.52,0.1,0.01,68.83,0.17,3.92,0.0,0.03,13.09,0.1,0.02,0.0,1.6,2.33,0.0,0.83,1.66
39087,Lawrence,1315883,74.25,9.58,8.04,0.42,0.17,0.04,0.0,0.01,7.51,0.42,6.3,2.12,1.01,0.16,0.04,70.65,0.31,3.28,0.0,0.01,7.24,0.8,0.15,0.02,1.62,1.94,0.02,1.18,2.74
39001,Adams,1687191,57.02,5.85,31.87,0.29,0.18,0.13,0.01,0.01,4.63,0.29,4.15,1.38,0.28,0.03,0.13,48.47,1.91,6.63,0.01,0.01,25.16,6.71,0.15,0.03,1.28,1.7,0.01,0.62,1.02
54061,Monongalia,1052904,66.99,10.97,11.11,1.28,0.01,0.28,0.0,0.05,9.31,1.28,6.37,2.83,1.49,0.28,0.28,64.49,0.01,2.5,0.0,0.05,11.11,0.01,0.01,0.0,3.81,1.88,0.0,1.61,2.01
39033,Crawford,1158868,8.45,10.15,77.35,0.15,0.75,0.11,0.0,0.0,3.04,0.15,3.9,5.02,0.99,0.25,0.11,8.28,0.02,0.14,0.0,0.0,2.36,74.99,0.67,0.07,1.69,1.24,0.0,0.09,0.01
39059,Guernsey,1520293,58.14,8.78,25.99,0.96,0.83,0.02,0.0,0.02,5.25,0.96,5.82,2.18,0.68,0.09,0.02,55.53,0.29,2.33,0.0,0.02,24.76,1.23,0.72,0.11,1.53,2.34,0.05,0.67,0.66
39161,Van Wert,1181094,2.91,8.8,85.83,0.11,0.38,0.04,0.0,0.0,1.93,0.11,1.69,6.13,0.8,0.18,0.04,2.9,0.0,0.0,0.0,0.0,0.18,85.65,0.35,0.03,1.27,0.65,0.0,0.01,0.0
39129,Pickaway,1457762,7.58,8.11,78.89,0.6,0.37,0.02,0.0,0.0,4.42,0.6,3.36,3.84,0.77,0.13,0.02,7.36,0.03,0.18,0.0,0.0,9.48,69.42,0.18,0.19,2.77,1.33,0.03,0.24,0.06
18165,Vermillion,747952,21.37,8.92,61.77,0.99,2.12,0.05,0.01,0.11,4.65,0.99,4.41,3.35,0.98,0.18,0.05,20.97,0.08,0.33,0.01,0.11,7.35,54.42,1.9,0.22,1.3,2.53,0.11,0.62,0.09
39119,Muskingum,1935541,51.09,10.34,30.33,0.94,0.53,0.08,0.02,0.02,6.65,0.94,6.4,2.85,0.9,0.2,0.08,48.48,0.29,2.32,0.02,0.02,25.64,4.69,0.45,0.08,2.2,3.07,0.05,0.77,0.55
42057,Fulton,1260621,66.1,5.77,22.45,0.02,0.12,0.12,0.0,0.0,5.41,0.02,3.8,1.57,0.37,0.03,0.12,55.2,1.12,9.78,0.0,0.0,19.56,2.89,0.12,0.0,0.89,0.97,0.0,1.06,2.49
39139,Richland,1439107,26.53,15.58,50.15,0.62,1.49,0.02,0.04,0.0,5.56,0.62,6.89,6.18,1.87,0.64,0.02,24.34,0.38,1.81,0.04,0.0,15.14,35.01,1.26,0.23,2.98,2.23,0.03,0.16,0.15
39021,Champaign,1236916,10.78,7.76,76.87,0.26,0.76,0.02,0.0,0.01,3.56,0.26,4.11,3.01,0.52,0.12,0.02,10.53,0.03,0.22,0.0,0.01,10.42,66.45,0.53,0.23,1.71,1.71,0.03,0.08,0.03
39169,Wayne,1602135,14.13,12.84,64.86,0.17,2.48,0.03,0.01,0.0,5.48,0.17,6.05,5.28,1.19,0.32,0.03,13.07,0.11,0.94,0.01,0.0,22.07,42.79,1.48,0.99,3.48,1.64,0.17,0.09,0.1
54057,Mineral,947402,72.06,6.79,13.22,0.26,0.11,0.41,0.0,0.04,7.11,0.26,4.39,1.72,0.57,0.11,0.41,66.71,0.45,4.91,0.0,0.04,12.67,0.54,0.08,0.03,1.52,1.4,0.01,1.63,2.55
18065,Henry,1136236,8.89,10.42,76.43,0.34,0.6,0.02,0.01,0.0,3.28,0.34,4.6,4.49,1.12,0.22,0.02,8.82,0.0,0.07,0.01,0.0,8.64,67.79,0.53,0.07,1.58,1.49,0.03,0.09,0.1
39123,Ottawa,759258,2.94,14.87,58.87,3.04,9.34,1.09,0.0,0.02,9.83,3.04,2.82,8.66,2.77,0.62,1.09,2.92,0.0,0.02,0.0,0.02,0.66,58.21,3.57,5.77,4.28,2.41,2.61,0.44,0.09
42015,Bradford,3341135,54.7,7.25,31.25,0.72,2.08,0.08,0.01,0.01,3.9,0.72,5.39,1.46,0.34,0.06,0.08,36.68,1.16,16.86,0.01,0.01,28.99,2.27,1.81,0.27,1.28,0.98,0.27,0.47,0.9
54029,Hancock,253131,59.07,18.82,12.09,5.51,0.01,0.14,0.0,0.03,4.32,5.51,9.03,5.55,3.06,1.19,0.14,56.83,0.04,2.2,0.0,0.03,12.07,0.03,0.01,0.01,1.95,1.15,0.01,0.88,0.33
42061,Huntingdon,2558929,72.52,5.61,15.58,1.53,0.2,0.17,0.0,0.02,4.38,1.53,3.95,1.25,0.35,0.07,0.17,62.51,1.36,8.65,0.0,0.02,10.72,4.85,0.2,0.0,0.88,0.77,0.01,0.85,1.87
42009,Bedford,2925591,66.88,6.32,21.84,0.17,0.03,0.17,0.0,0.01,4.56,0.17,4.29,1.5,0.46,0.07,0.17,61.43,0.55,4.9,0.0,0.01,15.63,6.21,0.03,0.0,1.07,0.89,0.0,0.93,1.67
42073,Lawrence,1041128,39.57,15.37,34.45,0.5,1.64,0.4,0.0,0.04,8.03,0.5,8.66,4.45,1.84,0.42,0.4,36.9,0.18,2.49,0.0,0.04,25.32,9.13,1.56,0.08,2.8,3.64,0.07,1.09,0.43
39067,Harrison,1182075,55.89,7.23,26.06,1.61,0.49,0.09,0.0,0.03,8.59,1.61,5.06,1.85,0.31,0.02,0.09,51.6,0.8,3.48,0.0,0.03,25.14,0.92,0.42,0.07,1.48,4.51,0.05,1.56,0.99
18049,Fulton,1068411,6.02,7.97,77.12,0.65,4.25,0.01,0.03,0.01,3.93,0.65,4.18,3.09,0.58,0.12,0.01,5.73,0.1,0.2,0.03,0.01,3.97,73.15,3.46,0.79,1.32,2.27,0.12,0.15,0.08
42035,Clinton,2585921,83.42,4.07,6.4,0.67,0.44,0.2,0.02,0.02,4.76,0.67,2.5,1.09,0.4,0.08,0.2,53.41,1.75,28.26,0.02,0.02,3.38,3.02,0.41,0.03,0.76,0.45,0.05,0.92,2.57
54077,Preston,1874541,70.19,5.24,16.47,0.27,0.45,0.76,0.0,0.04,6.59,0.27,4.16,0.82,0.23,0.02,0.76,64.73,0.35,5.1,0.0,0.04,16.27,0.2,0.33,0.12,1.05,1.33,0.01,2.09,2.11
42037,Columbia,1411298,52.94,10.04,29.75,0.76,0.66,0.28,0.03,0.01,5.54,0.76,5.99,2.86,0.98,0.21,0.28,37.75,1.05,14.14,0.03,0.01,13.72,16.03,0.62,0.03,2.02,2.17,0.07,0.65,0.63
39023,Clark,1155442,9.6,17.48,65.66,1.03,0.64,0.06,0.0,0.01,5.52,1.03,6.39,7.18,3.19,0.72,0.06,9.3,0.02,0.27,0.0,0.01,11.61,54.05,0.35,0.29,3.9,1.39,0.04,0.17,0.03
18127,Porter,1208772,10.06,19.1,51.04,0.39,8.18,0.3,0.31,0.15,10.46,0.39,7.03,7.84,3.16,1.08,0.3,9.58,0.05,0.43,0.31,0.15,4.17,46.87,7.04,1.14,7.22,2.14,0.25,0.35,0.5
39073,Hocking,1219162,75.04,6.65,11.99,0.16,0.11,0.03,0.01,0.01,6.0,0.16,5.14,1.14,0.32,0.05,0.03,63.12,1.53,10.39,0.01,0.01,9.79,2.2,0.07,0.04,1.25,1.5,0.02,0.69,2.54
39109,Miami,1178852,8.6,13.8,71.3,0.27,0.46,0.13,0.0,0.01,5.44,0.27,4.66,6.44,2.2,0.5,0.13,8.35,0.01,0.24,0.0,0.01,7.56,63.73,0.15,0.31,3.93,1.19,0.07,0.23,0.03
54031,Hardy,1682040,77.64,3.48,13.29,0.08,0.0,0.1,0.0,0.05,5.37,0.08,2.79,0.54,0.13,0.02,0.1,67.29,0.92,9.43,0.0,0.05,11.61,1.68,0.0,0.0,1.5,1.18,0.0,1.11,1.58
42011,Berks,2491444,36.35,16.95,36.67,0.57,1.13,0.11,0.1,0.01,8.12,0.57,8.19,5.27,2.51,0.98,0.11,33.85,0.1,2.39,0.1,0.01,13.79,22.89,1.11,0.02,5.74,1.37,0.04,0.46,0.51
18055,Greene,1571000,39.75,7.19,45.52,0.52,0.91,0.02,0.01,0.01,6.07,0.52,4.47,2.29,0.38,0.06,0.02,37.38,0.42,1.95,0.01,0.01,16.46,29.06,0.82,0.09,1.36,3.65,0.17,0.64,0.24
18139,Rush,1175449,5.01,6.64,85.12,0.08,1.06,0.01,0.0,0.0,2.08,0.08,3.89,2.34,0.36,0.05,0.01,4.98,0.0,0.04,0.0,0.0,3.56,81.56,1.0,0.06,0.99,1.01,0.01,0.06,0.01
42085,Mercer,1964250,43.92,12.71,33.53,1.28,2.92,0.04,0.0,0.01,5.6,1.28,8.2,3.09,1.06,0.36,0.04,41.82,0.21,1.89,0.0,0.01,24.48,9.04,2.81,0.11,2.07,2.13,0.15,0.54,0.71
18163,Vanderburgh,681642,14.56,28.71,43.36,0.78,2.18,0.0,0.0,0.0,10.41,0.78,9.16,9.98,6.8,2.77,0.0,13.32,0.03,1.22,0.0,0.0,4.47,38.89,2.01,0.17,8.42,1.51,0.11,0.28,0.1
54107,Wood,1084237,64.57,13.53,13.08,2.6,0.06,0.01,0.0,0.02,6.14,2.6,7.09,3.92,2.01,0.51,0.01,60.29,0.23,4.05,0.0,0.02,12.73,0.35,0.05,0.01,2.56,1.45,0.0,0.66,1.46
54101,Webster,1600702,87.46,2.35,1.19,0.05,0.04,0.17,0.0,0.02,8.72,0.05,2.03,0.26,0.05,0.0,0.17,81.34,0.08,6.04,0.0,0.02,1.19,0.0,0.04,0.0,0.25,0.13,0.0,3.96,4.39
42107,Schuylkill,2252649,60.11,10.61,15.54,0.34,0.25,1.93,0.03,0.02,11.18,0.34,5.39,3.4,1.5,0.32,1.93,50.64,0.6,8.86,0.03,0.02,6.19,9.35,0.24,0.0,2.04,1.24,0.0,3.68,4.21
54027,Hampshire,1855043,74.39,4.37,14.75,0.24,0.05,0.03,0.0,0.04,6.13,0.24,3.48,0.74,0.12,0.02,0.03,64.76,1.3,8.33,0.0,0.04,14.56,0.19,0.05,0.0,1.24,1.25,0.0,1.5,2.14
18081,Johnson,926051,13.22,16.4,56.89,0.38,0.41,0.02,0.02,0.01,12.64,0.38,5.49,7.85,2.54,0.52,0.02,12.81,0.02,0.39,0.02,0.01,8.69,48.19,0.33,0.08,10.43,1.63,0.05,0.37,0.16
39041,Delaware,1316042,15.65,12.37,52.69,2.44,0.53,0.13,0.05,0.01,16.13,2.44,4.78,5.86,1.49,0.24,0.13,15.07,0.06,0.52,0.05,0.01,10.73,41.96,0.37,0.16,13.72,1.71,0.04,0.46,0.19
39037,Darke,1725922,5.76,8.85,82.04,0.07,0.3,0.03,0.0,0.01,2.95,0.07,2.45,5.34,0.89,0.16,0.03,5.72,0.0,0.03,0.0,0.01,2.85,79.19,0.18,0.12,1.76,1.12,0.02,0.04,0.01
18119,Owen,1116057,55.54,6.04,31.81,0.73,0.66,0.06,0.01,0.01,5.14,0.73,4.84,1.03,0.15,0.02,0.06,53.86,0.23,1.46,0.01,0.01,14.42,17.39,0.51,0.15,1.12,2.73,0.24,0.7,0.35
54047,McDowell,1539364,86.92,3.9,0.08,0.01,0.0,0.22,0.0,0.1,8.77,0.01,2.47,1.13,0.28,0.01,0.22,85.93,0.05,0.93,0.0,0.1,0.08,0.0,0.0,0.0,0.62,0.06,0.0,4.32,3.77
54033,Harrison,1198628,67.18,10.23,15.61,0.14,0.0,0.1,0.0,0.03,6.7,0.14,6.05,2.59,1.36,0.24,0.1,64.73,0.02,2.43,0.0,0.03,15.6,0.01,0.0,0.0,2.55,1.89,0.0,1.43,0.82
18023,Clinton,1166199,3.45,8.47,84.74,0.04,1.07,0.0,0.0,0.0,2.23,0.04,3.14,4.31,0.84,0.18,0.0,3.42,0.0,0.03,0.0,0.0,1.41,83.33,1.01,0.06,1.33,0.82,0.02,0.05,0.01
42113,Sullivan,1302177,78.81,3.81,7.47,0.3,2.75,0.15,0.03,0.01,6.68,0.3,3.23,0.5,0.07,0.0,0.15,52.06,2.4,24.35,0.03,0.01,7.06,0.41,2.66,0.09,0.41,0.36,0.22,1.09,4.59
18059,Hancock,883553,5.11,12.3,72.79,0.14,0.91,0.01,0.0,0.0,8.74,0.14,4.05,6.55,1.48,0.22,0.01,5.06,0.0,0.06,0.0,0.0,3.8,68.99,0.8,0.11,7.47,1.18,0.01,0.07,0.01
54001,Barbour,986641,71.21,4.87,17.61,0.32,0.1,0.22,0.0,0.09,5.59,0.32,3.81,0.87,0.18,0.02,0.22,69.76,0.03,1.41,0.0,0.09,17.61,0.0,0.08,0.01,0.86,1.46,0.0,1.62,1.65
42097,Northumberland,1373354,43.46,11.64,33.31,3.4,0.44,0.67,0.04,0.03,7.01,3.4,5.51,4.03,1.65,0.44,0.67,38.58,0.32,4.57,0.04,0.03,9.48,23.83,0.42,0.02,2.38,1.87,0.05,1.46,1.25
18135,Randolph,1304532,5.6,7.91,82.36,0.09,1.25,0.03,0.0,0.01,2.75,0.09,2.65,4.62,0.52,0.12,0.03,5.58,0.0,0.03,0.0,0.01,3.97,78.39,1.2,0.04,1.14,1.56,0.01,0.04,0.01
54093,Tucker,1211791,77.72,2.96,3.47,0.23,5.61,2.07,0.0,0.03,7.91,0.23,2.34,0.5,0.1,0.02,2.07,58.29,6.67,12.75,0.0,0.03,3.43,0.05,3.44,2.17,0.38,0.29,0.06,2.19,5.0
42021,Cambria,1994943,62.14,12.18,14.65,0.54,0.27,1.72,0.01,0.02,8.46,0.54,6.95,3.57,1.33,0.33,1.72,45.73,1.8,14.61,0.01,0.02,11.45,3.21,0.27,0.01,1.64,1.4,0.02,2.81,2.6
42069,Lackawanna,1338261,58.11,19.09,9.86,1.07,5.02,0.43,0.0,0.02,6.39,1.07,8.13,5.44,4.55,0.97,0.43,50.68,0.6,6.84,0.0,0.02,9.68,0.18,4.83,0.2,3.16,0.69,0.28,1.18,1.07
39057,Greene,1197934,13.17,18.43,59.91,0.2,0.47,0.22,0.01,0.01,7.59,0.2,7.87,7.19,2.66,0.71,0.22,12.68,0.02,0.47,0.01,0.01,10.93,48.98,0.25,0.22,5.73,1.6,0.03,0.21,0.03
54015,Clay,989429,88.72,3.61,1.69,0.31,0.02,0.02,0.0,0.11,5.52,0.31,3.17,0.36,0.07,0.0,0.02,82.73,0.02,5.96,0.0,0.11,1.69,0.0,0.02,0.0,0.36,0.27,0.0,3.04,1.85
18077,Jefferson,1044636,45.84,8.36,37.53,0.3,2.49,0.01,0.11,0.0,5.35,0.3,5.42,2.13,0.62,0.18,0.01,38.04,1.31,6.49,0.11,0.0,16.13,21.4,2.42,0.07,1.75,2.68,0.01,0.3,0.61
42131,Wyoming,1165458,66.66,6.69,17.07,1.37,3.75,0.06,0.01,0.01,4.37,1.37,4.07,2.15,0.37,0.09,0.06,45.72,1.19,19.76,0.01,0.01,15.49,1.58,3.49,0.26,1.57,0.82,0.38,0.65,0.94
18167,Vigo,1181197,21.74,16.35,48.78,1.22,4.04,0.04,0.01,0.05,7.77,1.22,5.99,6.68,2.81,0.87,0.04,20.39,0.14,1.21,0.01,0.05,5.65,43.13,3.71,0.33,2.99,3.72,0.21,0.72,0.13
18039,Elkhart,1346692,4.31,20.25,54.79,0.67,9.41,0.02,0.03,0.0,10.52,0.67,6.96,8.4,3.24,1.65,0.02,3.98,0.16,0.17,0.03,0.0,5.42,49.38,8.93,0.48,8.77,1.44,0.15,0.12,0.04
39005,Ashland,1228321,26.74,9.93,56.79,0.54,1.74,0.01,0.03,0.0,4.21,0.54,4.79,4.22,0.76,0.16,0.01,23.9,0.67,2.16,0.03,0.0,18.85,37.94,1.44,0.3,2.0,1.89,0.03,0.13,0.16
39095,Lucas,995767,8.4,42.44,30.12,1.78,4.3,0.26,0.03,0.06,12.61,1.78,8.88,16.93,12.24,4.39,0.26,7.98,0.22,0.21,0.03,0.06,0.85,29.27,2.74,1.57,8.83,1.96,0.7,0.93,0.19
18043,Floyd,430270,43.15,19.93,26.02,0.25,0.74,0.01,0.0,0.02,9.87,0.25,10.32,6.0,2.86,0.75,0.01,39.41,0.25,3.49,0.0,0.02,21.32,4.7,0.66,0.08,7.93,1.45,0.02,0.24,0.22
54045,Logan,1308560,80.16,4.28,0.15,0.06,0.0,0.35,0.0,0.23,14.76,0.06,2.22,1.38,0.64,0.04,0.35,80.01,0.05,0.11,0.0,0.23,0.15,0.0,0.0,0.0,1.07,0.11,0.0,8.54,5.04
54073,Pleasants,387193,78.61,6.28,5.89,3.11,0.05,0.07,0.0,0.05,5.93,3.11,4.31,1.19,0.62,0.17,0.07,74.44,0.25,3.92,0.0,0.05,5.71,0.18,0.03,0.02,1.17,1.21,0.01,1.58,1.96
54019,Fayette,1924360,78.5,5.49,3.48,0.7,0.06,0.22,0.0,0.06,11.49,0.7,3.83,1.16,0.45,0.05,0.22,70.84,0.16,7.5,0.0,0.06,3.48,0.0,0.05,0.01,0.8,0.38,0.02,4.29,6.0
39007,Ashtabula,2042077,36.64,11.59,32.67,0.93,11.38,0.07,0.0,0.05,6.68,0.93,6.85,3.41,1.08,0.24,0.07,35.9,0.1,0.65,0.0,0.05,20.52,12.16,11.25,0.13,2.01,2.38,0.09,1.15,1.05
39135,Preble,1227562,14.23,8.89,73.18,0.29,0.19,0.04,0.0,0.0,3.19,0.29,4.55,3.59,0.66,0.1,0.04,13.22,0.14,0.86,0.0,0.0,9.86,63.31,0.07,0.12,1.56,1.48,0.01,0.1,0.04
39079,Jackson,1213111,53.2,7.99,21.21,0.16,1.3,0.06,0.0,0.0,16.08,0.16,5.45,1.84,0.61,0.09,0.06,47.69,0.75,4.76,0.0,0.0,19.51,1.71,1.11,0.19,1.74,5.13,0.08,2.31,6.81
18087,LaGrange,1112838,2.44,8.36,65.66,1.79,16.82,0.01,0.04,0.05,4.84,1.79,3.26,4.14,0.82,0.14,0.01,2.16,0.14,0.14,0.04,0.05,8.01,57.65,15.85,0.97,2.68,1.78,0.23,0.1,0.05
39151,Stark,1670435,20.02,30.13,38.09,0.49,1.68,0.15,0.0,0.02,9.41,0.49,12.06,11.99,4.47,1.61,0.15,18.66,0.11,1.25,0.0,0.02,19.14,18.95,1.59,0.09,5.94,2.59,0.05,0.58,0.26
54037,Jefferson,609147,26.26,10.74,50.55,0.88,0.61,0.18,0.01,0.01,10.76,0.88,6.55,3.24,0.78,0.18,0.18,23.25,0.49,2.53,0.01,0.01,33.17,17.37,0.5,0.12,7.32,2.72,0.02,0.41,0.29
42029,Chester,2184815,27.74,22.64,32.57,0.33,2.67,0.09,0.06,0.0,13.89,0.33,13.38,6.01,2.54,0.7,0.09,24.34,0.08,3.33,0.06,0.0,20.26,12.31,2.56,0.11,12.11,1.36,0.07,0.18,0.18
54055,Mercer,1210580,74.04,10.62,8.53,0.08,0.01,0.16,0.0,0.01,6.55,0.08,6.54,2.61,1.19,0.28,0.16,62.77,0.64,10.62,0.0,0.01,8.53,0.0,0.01,0.0,1.68,0.97,0.0,1.6,2.3
39099,Mahoning,1223559,27.16,27.95,30.97,1.33,3.12,0.25,0.0,0.01,9.2,1.33,11.47,10.38,4.85,1.26,0.25,25.64,0.28,1.25,0.0,0.01,17.17,13.8,2.97,0.15,4.83,2.47,0.13,1.02,0.74
42089,Monroe,1775900,65.08,15.04,4.91,0.97,7.76,0.17,0.02,0.02,6.04,0.97,10.8,3.02,0.96,0.26,0.17,52.23,1.9,10.95,0.02,0.02,3.57,1.34,7.7,0.06,3.24,0.43,0.19,0.69,1.48
18061,Harrison,1398950,47.73,7.42,39.48,0.42,0.4,0.1,0.0,0.02,4.43,0.42,5.64,1.44,0.29,0.04,0.1,40.86,1.22,5.64,0.0,0.02,23.23,16.26,0.34,0.07,2.09,1.8,0.03,0.32,0.19
39157,Tuscarawas,1644824,48.53,11.84,29.39,0.47,0.98,0.17,0.0,0.03,8.59,0.47,6.55,3.62,1.39,0.28,0.17,45.16,0.31,3.05,0.0,0.03,21.49,7.9,0.91,0.07,2.31,3.9,0.09,1.24,1.06
39071,Highland,1605199,25.39,7.37,62.52,0.71,0.14,0.06,0.0,0.0,3.8,0.71,4.57,2.41,0.32,0.06,0.06,23.51,0.26,1.62,0.0,0.0,25.48,37.04,0.12,0.03,1.5,1.93,0.01,0.21,0.16
18083,Knox,1507656,6.33,8.75,75.14,1.31,3.56,0.02,0.0,0.0,4.89,1.31,4.41,3.18,0.99,0.18,0.02,6.07,0.0,0.26,0.0,0.0,3.35,71.8,3.45,0.11,1.69,2.6,0.26,0.31,0.03
42133,York,2620850,29.97,19.86,39.64,0.47,0.61,0.12,0.06,0.01,9.25,0.47,9.06,7.33,2.62,0.85,0.12,26.77,0.21,2.99,0.06,0.01,13.61,26.03,0.59,0.02,6.66,1.85,0.05,0.35,0.34
18131,Pulaski,1250500,8.04,6.88,77.9,0.12,3.1,0.06,0.03,0.1,3.75,0.12,3.54,2.89,0.35,0.11,0.06,7.75,0.11,0.18,0.03,0.1,0.57,77.33,2.92,0.18,1.07,2.21,0.09,0.28,0.1
42047,Elk,2393834,79.8,3.71,3.55,0.21,1.43,0.34,0.04,0.02,10.91,0.21,2.5,0.86,0.26,0.08,0.34,61.7,2.07,16.03,0.04,0.02,3.53,0.02,1.37,0.06,0.56,0.56,0.1,2.44,7.24
18013,Brown,911202,83.22,5.4,6.85,0.89,0.57,0.01,0.01,0.03,3.03,0.89,4.74,0.56,0.09,0.01,0.01,78.06,1.3,3.85,0.01,0.03,5.04,1.81,0.46,0.11,0.97,0.76,0.1,0.6,0.6
18019,Clark,1083849,38.98,14.13,35.04,0.47,0.59,0.43,0.0,0.0,10.35,0.47,6.75,4.42,2.12,0.84,0.43,34.3,0.62,4.06,0.0,0.0,17.71,17.33,0.54,0.04,6.86,2.63,0.01,0.48,0.37
39117,Morrow,1171898,21.15,8.23,65.98,0.24,0.61,0.01,0.02,0.0,3.75,0.24,4.38,3.39,0.41,0.04,0.01,20.67,0.06,0.42,0.02,0.0,14.61,51.37,0.49,0.12,1.68,1.89,0.01,0.09,0.08
18109,Morgan,1178246,38.76,10.17,43.05,0.57,0.6,0.09,0.0,0.01,6.74,0.57,5.85,3.29,0.9,0.13,0.09,37.97,0.03,0.77,0.0,0.01,9.61,33.44,0.55,0.05,3.58,2.15,0.16,0.6,0.26
18053,Grant,1193975,7.85,12.64,74.89,0.22,1.05,0.09,0.02,0.01,3.23,0.22,2.77,7.23,2.12,0.52,0.09,7.76,0.02,0.07,0.02,0.01,4.6,70.29,0.84,0.22,1.65,1.33,0.06,0.15,0.04
18141,St. Joseph,1327751,8.9,23.94,51.84,0.53,5.54,0.06,0.16,0.05,8.97,0.53,9.03,9.04,4.37,1.5,0.06,8.4,0.11,0.39,0.16,0.05,2.8,49.04,5.16,0.39,6.27,2.07,0.16,0.21,0.25
54109,Wyoming,1444124,85.43,4.14,0.52,0.12,0.0,0.22,0.0,0.13,9.43,0.12,2.84,1.05,0.23,0.02,0.22,80.57,0.04,4.82,0.0,0.13,0.52,0.0,0.0,0.0,0.52,0.11,0.0,4.51,4.29
18149,Starke,898443,14.41,8.78,60.86,0.92,5.44,0.01,0.2,0.94,8.44,0.92,4.41,3.7,0.57,0.09,0.01,13.69,0.35,0.37,0.2,0.94,1.44,59.42,4.57,0.87,1.8,5.56,0.11,0.61,0.36
42025,Carbon,1115141,72.04,10.54,7.82,1.08,1.09,1.38,0.09,0.04,5.93,1.08,6.17,2.8,1.32,0.25,1.38,51.37,2.74,17.93,0.09,0.04,5.62,2.2,1.08,0.01,1.99,0.95,0.09,1.72,1.17
54007,Braxton,1485749,86.72,4.6,5.31,0.65,0.0,0.02,0.0,0.09,2.6,0.65,3.59,0.64,0.35,0.02,0.02,84.24,0.09,2.39,0.0,0.09,5.31,0.0,0.0,0.0,0.53,0.4,0.0,0.85,0.82
42013,Blair,1514664,62.95,12.56,18.51,0.08,0.09,0.35,0.0,0.01,5.44,0.08,5.87,3.92,2.14,0.63,0.35,58.44,0.08,4.44,0.0,0.01,7.77,10.74,0.09,0.0,2.29,0.63,0.0,0.93,1.59
42111,Somerset,3112720,58.95,7.29,21.84,0.52,0.54,1.43,0.0,0.02,9.41,0.52,5.08,1.65,0.48,0.07,1.43,51.76,0.68,6.51,0.0,0.02,18.96,2.89,0.46,0.07,1.28,2.25,0.01,2.75,3.12
39101,Marion,1163062,6.65,10.86,77.34,0.13,1.0,0.12,0.02,0.0,3.88,0.13,3.51,5.33,1.51,0.51,0.12,6.57,0.01,0.07,0.02,0.0,3.01,74.32,0.55,0.45,1.89,1.67,0.18,0.11,0.03
42049,Erie,2313071,41.23,16.42,29.14,0.22,8.29,0.08,0.0,0.03,4.6,0.22,8.33,4.92,2.44,0.72,0.08,34.3,0.69,6.23,0.0,0.03,21.4,7.75,7.97,0.31,2.55,1.16,0.21,0.36,0.32
18045,Fountain,1145009,15.99,6.7,72.44,0.51,1.57,0.09,0.01,0.02,2.67,0.51,3.97,2.29,0.37,0.07,0.09,15.76,0.02,0.21,0.01,0.02,5.14,67.3,1.42,0.14,0.85,1.52,0.04,0.19,0.06
39127,Perry,1187051,55.68,7.73,28.81,0.31,0.5,0.11,0.02,0.01,6.83,0.31,5.44,1.93,0.33,0.04,0.11,51.76,0.74,3.18,0.02,0.01,18.27,10.53,0.36,0.14,1.34,3.08,0.06,1.3,1.05
54087,Roane,1392008,84.2,4.13,8.23,0.02,0.0,0.01,0.0,0.05,3.36,0.02,3.46,0.49,0.17,0.01,0.01,82.38,0.05,1.78,0.0,0.05,8.23,0.0,0.0,0.0,0.85,1.31,0.0,0.57,0.63
18159,Tipton,749861,0.97,8.17,87.47,0.01,1.49,0.0,0.0,0.0,1.89,0.01,1.52,5.63,0.86,0.16,0.0,0.96,0.0,0.01,0.0,0.0,0.28,87.18,1.46,0.03,1.13,0.75,0.01,0.01,0.0
42051,Fayette,2298553,62.12,11.1,18.97,0.9,0.18,0.42,0.0,0.02,6.28,0.9,6.79,3.12,1.01,0.18,0.42,58.76,0.19,3.16,0.0,0.02,17.55,1.42,0.16,0.01,2.09,1.49,0.01,1.26,1.44
54023,Grant,1382165,69.38,3.71,14.52,0.42,0.34,2.12,0.0,0.08,9.42,0.42,2.82,0.67,0.18,0.04,2.12,61.24,1.03,7.12,0.0,0.08,14.22,0.29,0.29,0.06,1.23,1.05,0.09,2.95,4.1
18025,Crawford,888580,69.84,6.36,18.63,0.74,0.32,0.4,0.0,0.01,3.7,0.74,4.97,1.17,0.2,0.01,0.4,62.39,1.8,5.65,0.0,0.01,16.49,2.15,0.27,0.05,1.08,1.53,0.05,0.58,0.45
42067,Juniata,1132398,61.83,6.96,25.33,0.45,0.59,0.04,0.04,0.0,4.75,0.45,4.81,1.72,0.38,0.04,0.04,54.46,0.34,7.03,0.04,0.0,12.74,12.58,0.59,0.0,1.71,1.32,0.01,0.53,1.19
42083,McKean,2833810,75.18,4.02,4.67,0.2,2.85,0.1,0.06,0.03,12.89,0.2,2.75,0.96,0.24,0.07,0.1,63.7,0.9,10.58,0.06,0.03,4.65,0.02,2.69,0.16,0.38,0.34,0.05,2.08,10.04
54063,Monroe,1363002,66.8,3.99,24.81,0.02,0.04,0.04,0.0,0.0,4.29,0.02,3.48,0.44,0.05,0.01,0.04,56.98,0.55,9.27,0.0,0.0,24.6,0.21,0.02,0.01,0.78,1.15,0.0,0.87,1.49
18155,Switzerland,643419,57.18,5.96,30.94,1.03,0.63,0.07,0.0,0.03,4.16,1.03,4.8,0.99,0.14,0.02,0.07,46.63,1.23,9.32,0.0,0.03,22.7,8.24,0.58,0.05,1.46,2.33,0.02,0.22,0.14
18035,Delaware,1139332,7.08,16.62,69.74,0.66,1.52,0.07,0.01,0.01,4.3,0.66,4.82,8.2,2.81,0.79,0.07,6.98,0.02,0.08,0.01,0.01,5.84,63.9,1.12,0.4,2.49,1.62,0.08,0.09,0.03
54017,Doddridge,922238,86.75,4.31,4.21,0.02,0.0,0.0,0.0,0.03,4.68,0.02,3.77,0.36,0.19,0.0,0.0,85.5,0.03,1.22,0.0,0.03,4.21,0.0,0.0,0.0,1.19,0.51,0.0,1.07,1.92
54105,Wirt,675615,75.72,3.94,9.18,0.47,0.01,0.0,0.0,0.02,10.68,0.47,3.5,0.38,0.05,0.01,0.0,70.81,0.45,4.46,0.0,0.02,9.16,0.02,0.01,0.0,0.8,1.76,0.0,2.74,5.37
54095,Tyler,750266,80.8,4.56,8.97,1.28,0.01,0.0,0.0,0.01,4.36,1.28,3.82,0.53,0.16,0.04,0.0,78.33,0.07,2.41,0.0,0.01,8.95,0.02,0.01,0.0,1.26,0.73,0.0,0.78,1.58
39043,Erie,735745,15.4,19.21,52.72,1.11,3.06,0.51,0.02,0.03,7.95,1.11,5.14,8.68,4.14,1.25,0.51,14.93,0.08,0.39,0.02,0.03,3.12,49.6,2.11,0.95,4.79,1.93,0.71,0.42,0.1
39027,Clinton,1186587,11.37,8.82,75.3,0.33,0.18,0.05,0.0,0.0,3.94,0.33,4.35,3.47,0.77,0.23,0.05,10.98,0.02,0.36,0.0,0.0,8.6,66.71,0.16,0.02,2.47,1.37,0.0,0.07,0.03
39093,Lorain,1422382,14.86,25.08,40.48,0.35,8.24,0.01,0.06,0.0,10.92,0.35,8.54,10.6,4.54,1.41,0.01,14.31,0.09,0.45,0.06,0.0,8.11,32.37,8.02,0.22,8.85,1.57,0.05,0.36,0.09
18147,Spencer,1155460,21.74,8.23,60.77,0.71,3.69,0.01,0.0,0.0,4.83,0.71,5.3,2.42,0.45,0.07,0.01,20.01,0.27,1.47,0.0,0.0,14.7,46.07,3.56,0.13,2.2,2.23,0.06,0.23,0.12
18085,Kosciusko,1595407,8.28,11.25,65.73,2.82,6.37,0.03,0.06,0.01,5.46,2.82,4.6,5.13,1.21,0.31,0.03,8.07,0.02,0.18,0.06,0.01,7.47,58.26,4.72,1.65,2.97,1.99,0.21,0.21,0.09
39039,Defiance,1191914,7.83,9.72,73.89,0.68,4.03,0.02,0.06,0.01,3.76,0.68,1.67,6.82,1.0,0.24,0.02,7.76,0.01,0.05,0.06,0.01,3.3,70.59,3.86,0.17,1.77,1.68,0.02,0.19,0.1
54025,Greenbrier,2948281,67.7,4.19,13.18,0.16,0.55,0.34,0.0,0.01,13.86,0.16,3.16,0.74,0.25,0.04,0.34,57.28,0.68,9.75,0.0,0.01,13.1,0.08,0.36,0.18,0.62,0.51,0.0,3.37,9.36
54085,Ritchie,1305597,82.99,4.14,7.21,0.01,0.0,0.0,0.0,0.01,5.62,0.01,3.45,0.5,0.19,0.01,0.0,79.18,0.22,3.59,0.0,0.01,7.21,0.0,0.0,0.0,0.74,1.04,0.0,1.36,2.48
42087,Mifflin,1193463,63.51,7.67,23.84,0.57,0.25,0.11,0.01,0.01,4.02,0.57,4.33,2.28,0.84,0.22,0.11,53.7,0.76,9.05,0.01,0.01,9.94,13.9,0.24,0.0,1.75,1.03,0.0,0.46,0.78
18011,Boone,1217934,4.69,9.56,77.84,0.1,0.67,0.01,0.0,0.0,7.14,0.1,3.35,5.07,0.97,0.17,0.01,4.6,0.0,0.08,0.0,0.0,3.95,73.88,0.57,0.1,6.0,1.03,0.02,0.07,0.01
39009,Athens,1463108,70.72,8.74,15.27,0.31,0.18,0.03,0.0,0.01,4.74,0.31,6.19,1.8,0.67,0.07,0.03,67.3,0.49,2.93,0.0,0.01,14.26,1.01,0.16,0.02,1.51,1.52,0.02,0.65,1.03
39081,Jefferson,1182665,59.94,11.7,20.4,0.71,0.08,0.17,0.0,0.02,6.97,0.71,6.28,3.26,1.72,0.44,0.17,57.27,0.19,2.49,0.0,0.02,20.14,0.26,0.07,0.02,1.82,2.87,0.03,1.27,0.98
54083,Randolph,2992727,83.95,2.88,4.99,0.02,0.13,1.26,0.0,0.01,6.76,0.02,2.25,0.43,0.17,0.03,1.26,67.28,2.73,13.93,0.0,0.01,4.82,0.18,0.11,0.02,0.45,0.21,0.0,2.4,3.7
54049,Marion,896459,72.81,10.24,10.02,0.55,0.01,0.11,0.0,0.07,6.2,0.55,6.35,2.59,1.1,0.21,0.11,70.93,0.03,1.85,0.0,0.07,10.02,0.0,0.0,0.0,1.94,1.43,0.0,1.46,1.36
18075,Jay,1105311,7.95,7.97,79.63,0.05,1.11,0.06,0.0,0.0,3.23,0.05,2.37,4.99,0.49,0.12,0.06,7.93,0.0,0.02,0.0,0.0,4.27,75.36,1.01,0.1,1.28,1.87,0.03,0.05,0.01
39143,Sandusky,1185275,5.36,11.93,72.86,0.55,3.77,0.42,0.05,0.03,5.04,0.55,2.77,7.07,1.74,0.34,0.42,5.32,0.0,0.04,0.05,0.03,1.53,71.32,1.95,1.82,2.3,1.66,0.71,0.24,0.12
42091,Montgomery,1402022,19.34,49.68,13.85,0.64,1.58,0.11,0.07,0.0,14.72,0.64,21.46,17.22,8.2,2.8,0.11,16.79,0.14,2.41,0.07,0.0,10.12,3.72,1.55,0.02,13.85,0.49,0.08,0.17,0.13
39113,Montgomery,1335976,11.45,41.3,36.97,0.52,0.35,0.12,0.03,0.01,9.25,0.52,11.46,16.39,10.24,3.22,0.12,10.57,0.09,0.79,0.03,0.01,8.63,28.34,0.13,0.22,7.5,1.3,0.05,0.35,0.06
54071,Pendleton,2009100,80.82,3.02,12.72,0.03,0.0,0.6,0.0,0.02,2.78,0.03,2.55,0.4,0.07,0.01,0.6,61.09,2.28,17.45,0.0,0.02,12.32,0.4,0.0,0.0,0.49,0.71,0.0,0.77,0.82
54089,Summers,1058220,79.08,4.92,10.52,1.56,0.07,0.12,0.0,0.02,3.7,1.56,3.94,0.65,0.3,0.03,0.12,72.29,0.47,6.32,0.0,0.02,10.45,0.07,0.05,0.02,0.63,0.85,0.01,0.71,1.51
54003,Berkeley,925350,46.59,12.17,27.38,0.11,0.27,0.21,0.01,0.01,13.24,0.11,6.47,4.1,1.31,0.3,0.21,41.32,0.61,4.65,0.01,0.01,24.66,2.72,0.25,0.02,9.44,1.77,0.01,0.66,1.35
42123,Warren,2586274,75.29,4.88,8.84,1.44,3.8,0.06,0.02,0.02,5.65,1.44,3.72,0.85,0.25,0.06,0.06,51.03,1.56,22.7,0.02,0.02,8.41,0.43,3.62,0.18,0.43,0.46,0.08,1.04,3.63
39011,Auglaize,1156585,6.73,10.56,77.53,1.06,0.55,0.05,0.0,0.01,3.52,1.06,3.0,5.92,1.39,0.24,0.05,6.7,0.0,0.03,0.0,0.01,2.62,74.91,0.43,0.13,2.24,1.18,0.02,0.06,0.02
42093,Montour,380819,34.65,12.46,45.54,0.92,0.72,0.1,0.06,0.01,5.54,0.92,6.26,4.67,1.27,0.26,0.1,30.04,0.31,4.3,0.06,0.01,17.12,28.42,0.69,0.04,2.85,2.15,0.04,0.23,0.27
54097,Upshur,1020868,75.29,5.58,12.25,0.04,0.01,0.62,0.0,0.07,6.15,0.04,4.08,1.05,0.38,0.07,0.62,69.71,0.05,5.54,0.0,0.07,12.24,0.01,0.01,0.0,1.31,1.06,0.0,1.78,2.0
39055,Geauga,1175343,47.49,14.7,21.5,0.94,5.59,0.19,0.0,0.02,9.57,0.94,10.71,3.14,0.7,0.15,0.19,44.81,0.31,2.37,0.0,0.02,19.19,2.31,5.39,0.2,5.79,1.86,0.21,0.91,0.8
42045,Delaware,532505,20.52,61.96,3.79,0.4,1.43,0.13,0.07,0.02,11.68,0.4,21.96,19.49,14.73,5.77,0.13,18.63,0.05,1.84,0.07,0.02,2.9,0.9,1.08,0.35,10.78,0.3,0.14,0.28,0.19
39061,Hamilton,1187502,22.95,59.07,6.9,0.96,0.26,0.22,0.0,0.01,9.64,0.96,21.48,19.92,12.58,5.09,0.22,21.83,0.02,1.1,0.0,0.01,3.47,3.43,0.18,0.08,7.23,1.34,0.05,0.86,0.17
18153,Sullivan,1306816,20.09,7.71,58.06,1.79,3.0,0.04,0.01,0.09,9.2,1.79,4.17,2.86,0.62,0.06,0.04,18.6,0.36,1.14,0.01,0.09,6.78,51.29,2.72,0.28,1.35,5.93,0.25,1.38,0.29
18181,White,1463857,3.54,7.84,84.62,0.66,0.73,0.03,0.01,0.03,2.54,0.66,3.39,3.67,0.64,0.15,0.03,3.47,0.01,0.06,0.01,0.03,1.42,83.21,0.63,0.11,1.31,1.09,0.01,0.09,0.04
18113,Noble,1201269,9.56,9.31,63.52,1.41,10.47,0.01,0.12,0.01,5.59,1.41,3.22,5.02,0.89,0.18,0.01,9.33,0.05,0.18,0.12,0.01,9.06,54.45,8.49,1.98,2.34,2.53,0.3,0.24,0.16
42001,Adams,1501393,31.19,11.92,47.44,0.26,2.57,0.29,0.03,0.0,6.3,0.26,6.17,4.38,1.18,0.19,0.29,24.64,0.51,6.05,0.03,0.0,27.33,20.11,2.5,0.07,3.84,1.35,0.04,0.46,0.61
18021,Clay,1036918,24.62,8.54,59.61,0.55,1.1,0.01,0.01,0.02,5.54,0.55,4.06,3.71,0.64,0.13,0.01,22.54,0.55,1.53,0.01,0.02,7.34,52.27,0.97,0.13,1.36,3.13,0.23,0.69,0.13
39075,Holmes,1220289,36.22,7.78,50.26,0.14,1.17,0.04,0.01,0.0,4.39,0.14,5.42,1.9,0.4,0.06,0.04,33.79,0.23,2.19,0.01,0.0,40.16,10.1,0.74,0.43,2.4,1.68,0.05,0.15,0.11
18079,Jennings,1088789,41.83,7.58,44.38,0.22,1.07,0.06,0.03,0.0,4.83,0.22,5.09,2.09,0.32,0.07,0.06,39.42,0.21,2.2,0.03,0.0,10.0,34.37,1.01,0.07,1.6,2.77,0.03,0.26,0.17
18027,Daviess,1257240,12.4,7.92,69.04,1.06,2.41,0.0,0.0,0.0,7.16,1.06,3.6,3.56,0.67,0.1,0.0,12.0,0.06,0.34,0.0,0.0,12.36,56.68,2.35,0.07,2.59,3.94,0.18,0.38,0.08
42077,Lehigh,1002079,26.41,29.55,29.56,0.29,0.65,0.12,0.06,0.0,13.36,0.29,10.99,10.49,6.02,2.05,0.12,24.82,0.05,1.53,0.06,0.0,8.8,20.75,0.64,0.01,11.15,1.6,0.03,0.28,0.3
42095,Northampton,1085344,28.85,25.15,29.44,0.73,1.66,0.31,0.08,0.01,13.78,0.73,10.03,9.63,4.33,1.16,0.31,27.55,0.04,1.25,0.08,0.01,8.59,20.85,1.63,0.03,11.2,1.63,0.1,0.59,0.26
39029,Columbiana,1538826,41.3,13.24,37.82,0.42,0.73,0.06,0.0,0.02,6.41,0.42,7.7,4.19,1.09,0.26,0.06,38.18,0.41,2.71,0.0,0.02,23.54,14.28,0.64,0.09,2.53,2.89,0.02,0.59,0.38
42041,Cumberland,1583844,32.42,17.76,38.31,0.24,1.0,0.11,0.03,0.0,10.13,0.24,6.69,6.9,3.2,0.96,0.11,27.76,0.33,4.33,0.03,0.0,17.76,20.55,0.97,0.03,6.99,0.97,0.03,0.77,1.37
42055,Franklin,2224176,38.38,11.51,42.57,0.06,0.7,0.07,0.0,0.01,6.69,0.06,5.44,4.41,1.29,0.36,0.07,34.76,0.2,3.42,0.0,0.01,19.1,23.47,0.64,0.06,4.04,1.01,0.01,0.56,1.08
42079,Luzerne,2607317,64.34,15.39,8.3,1.37,2.64,1.12,0.01,0.03,6.79,1.37,6.42,4.65,3.58,0.73,1.12,51.17,1.03,12.14,0.01,0.03,5.8,2.51,2.54,0.11,3.05,0.7,0.21,1.5,1.33
39019,Carroll,1148039,51.21,8.11,33.13,1.04,0.85,0.02,0.0,0.03,5.61,1.04,6.2,1.58,0.29,0.03,0.02,46.16,0.84,4.21,0.0,0.03,29.25,3.87,0.75,0.1,1.77,2.62,0.02,0.51,0.7
39013,Belmont,1557663,53.26,9.94,26.63,0.58,0.25,0.09,0.0,0.02,9.24,0.58,5.98,2.71,1.07,0.17,0.09,50.04,0.21,3.02,0.0,0.02,26.62,0.01,0.18,0.07,2.24,4.22,0.06,1.49,1.23
18033,DeKalb,1047105,8.78,10.13,68.62,0.27,5.57,0.03,0.09,0.01,6.51,0.27,2.85,5.91,1.11,0.26,0.03,8.61,0.06,0.11,0.09,0.01,8.11,60.51,4.87,0.7,3.31,2.84,0.14,0.16,0.06
39141,Ross,1994365,42.12,7.99,43.34,0.39,0.33,0.02,0.0,0.0,5.79,0.39,4.63,2.47,0.74,0.15,0.02,41.0,0.18,0.95,0.0,0.0,15.33,28.02,0.27,0.07,1.81,1.96,0.02,0.6,1.41
39167,Washington,1841788,65.27,9.19,19.96,0.76,0.03,0.01,0.0,0.03,4.74,0.76,6.15,2.07,0.83,0.14,0.01,61.46,0.3,3.51,0.0,0.03,17.39,2.57,0.03,0.0,1.42,1.87,0.01,0.49,0.95
54091,Taylor,505568,67.42,7.01,18.08,1.34,0.01,0.14,0.0,0.05,5.94,1.34,5.2,1.38,0.36,0.07,0.14,65.83,0.01,1.58,0.0,0.05,18.08,0.0,0.0,0.01,1.39,1.26,0.01,1.45,1.84
54081,Raleigh,1752540,75.08,8.82,3.98,0.35,0.05,0.26,0.0,0.04,11.44,0.35,5.7,2.15,0.82,0.15,0.26,68.37,0.24,6.47,0.0,0.04,3.97,0.01,0.05,0.0,1.77,0.6,0.0,4.19,4.86
18067,Howard,845837,4.31,15.02,74.08,0.32,1.32,0.08,0.0,0.01,4.85,0.32,3.79,7.4,2.88,0.94,0.08,4.23,0.0,0.07,0.0,0.01,2.01,72.07,1.05,0.28,3.65,1.01,0.03,0.13,0.03
18125,Pike,981616,33.44,6.47,41.69,0.9,5.87,0.12,0.01,0.02,11.48,0.9,3.54,2.37,0.51,0.05,0.12,27.22,1.46,4.76,0.01,0.02,9.67,32.02,5.17,0.69,1.62,6.81,0.52,1.75,0.77
18029,Dearborn,884618,50.52,10.28,31.65,0.57,0.77,0.03,0.0,0.0,6.18,0.57,6.49,2.71,0.86,0.22,0.03,42.59,0.97,6.96,0.0,0.0,23.53,8.12,0.66,0.11,3.52,2.2,0.07,0.27,0.12
18071,Jackson,1478930,31.78,8.45,49.31,0.44,5.71,0.01,0.0,0.01,4.3,0.44,4.43,3.0,0.81,0.21,0.01,30.14,0.39,1.25,0.0,0.01,7.49,41.82,5.43,0.29,1.58,2.05,0.12,0.37,0.19
42105,Potter,3112205,77.25,3.17,9.3,0.02,0.9,0.14,0.04,0.01,9.18,0.02,2.68,0.41,0.07,0.01,0.14,64.59,0.82,11.83,0.04,0.01,8.49,0.81,0.83,0.07,0.37,0.5,0.02,1.2,7.11
42003,Allegheny,2141770,35.06,50.03,4.5,1.69,0.04,0.13,0.0,0.02,8.54,1.69,19.67,16.39,10.51,3.46,0.13,33.17,0.07,1.82,0.0,0.02,4.42,0.08,0.04,0.0,7.01,0.79,0.0,0.48,0.26
39097,Madison,1345391,4.59,6.8,85.17,0.17,0.25,0.0,0.0,0.0,3.01,0.17,2.91,3.08,0.72,0.1,0.0,4.54,0.0,0.05,0.0,0.0,6.74,78.43,0.15,0.1,2.22,0.72,0.01,0.05,0.01
39065,Hardin,1354074,6.21,7.78,82.67,0.06,0.96,0.02,0.0,0.0,2.29,0.06,3.05,4.09,0.51,0.12,0.02,6.18,0.0,0.02,0.0,0.0,3.75,78.92,0.82,0.14,1.2,1.02,0.01,0.05,0.01
42017,Bucks,1789801,28.69,30.74,22.33,2.11,3.83,0.21,0.12,0.01,11.96,2.11,12.92,11.01,5.16,1.65,0.21,25.82,0.16,2.71,0.12,0.01,14.55,7.78,3.71,0.12,9.91,1.11,0.18,0.47,0.28
42081,Lycoming,3579763,73.31,6.68,13.73,0.58,0.72,0.11,0.02,0.01,4.85,0.58,3.9,1.77,0.78,0.23,0.11,45.07,1.41,26.83,0.02,0.01,9.35,4.38,0.69,0.03,1.47,0.77,0.1,0.84,1.65
39025,Clermont,1324426,40.37,16.04,31.2,1.11,0.88,0.04,0.0,0.0,10.36,1.11,9.57,4.7,1.44,0.33,0.04,37.6,0.09,2.68,0.0,0.0,15.02,16.18,0.77,0.11,7.76,2.1,0.04,0.29,0.17
39121,Noble,1164245,64.77,6.59,19.71,0.97,0.06,0.11,0.0,0.02,7.78,0.97,5.01,1.21,0.35,0.02,0.11,61.8,0.24,2.73,0.0,0.02,19.67,0.04,0.05,0.01,1.19,4.03,0.01,1.11,1.43
39137,Putnam,1393694,2.21,8.9,84.38,0.12,1.73,0.01,0.0,0.0,2.64,0.12,2.1,6.06,0.63,0.11,0.01,2.2,0.0,0.01,0.0,0.0,0.26,84.13,1.58,0.15,1.77,0.75,0.04,0.08,0.0
42075,Lebanon,1043174,31.39,16.73,41.7,0.18,0.83,0.14,0.11,0.0,8.91,0.18,6.64,6.81,2.61,0.68,0.14,27.81,0.17,3.4,0.11,0.0,12.48,29.22,0.79,0.04,6.41,1.0,0.01,0.52,0.96
42027,Centre,3198957,68.44,6.96,14.97,0.31,0.39,0.71,0.01,0.02,8.19,0.31,4.0,2.18,0.65,0.13,0.71,52.81,1.55,14.08,0.01,0.02,7.57,7.4,0.37,0.02,2.09,0.7,0.01,1.73,3.65
18101,Martin,979621,66.27,6.92,21.43,0.96,0.66,0.14,0.0,0.02,3.61,0.96,5.09,1.4,0.36,0.07,0.14,63.75,0.5,2.02,0.0,0.02,8.31,13.12,0.58,0.08,0.83,1.93,0.09,0.44,0.32
18177,Wayne,1163595,14.94,11.84,67.96,0.17,0.56,0.1,0.0,0.0,4.43,0.17,5.57,4.3,1.52,0.45,0.1,14.64,0.02,0.28,0.0,0.0,14.88,53.07,0.44,0.13,1.91,2.29,0.04,0.17,0.02
39105,Meigs,1246077,67.12,7.24,18.18,0.63,0.06,0.11,0.01,0.02,6.63,0.63,5.87,1.11,0.23,0.02,0.11,63.6,0.26,3.25,0.01,0.02,16.54,1.64,0.05,0.01,1.26,2.32,0.01,0.83,2.21
54067,Nicholas,1882978,72.35,3.97,5.33,0.54,0.19,0.54,0.0,0.04,17.02,0.54,3.05,0.65,0.24,0.03,0.54,61.87,0.15,10.34,0.0,0.04,5.33,0.0,0.18,0.01,0.8,0.61,0.01,6.51,9.1
54053,Mason,1279774,65.85,5.81,18.78,2.88,0.14,0.0,0.0,0.02,6.51,2.88,3.93,1.39,0.41,0.08,0.0,61.32,0.26,4.26,0.0,0.02,15.11,3.68,0.14,0.0,1.57,2.46,0.01,0.74,1.73
54021,Gilmer,978675,89.11,3.97,5.03,0.01,0.0,0.0,0.0,0.04,1.84,0.01,3.56,0.32,0.08,0.01,0.0,87.74,0.03,1.34,0.0,0.04,5.02,0.01,0.0,0.0,0.53,0.57,0.0,0.44,0.3
18145,Shelby,1187814,5.75,9.42,79.72,0.14,1.06,0.07,0.0,0.0,3.85,0.14,3.52,4.68,1.0,0.21,0.07,5.63,0.0,0.12,0.0,0.0,3.58,76.14,0.93,0.13,2.36,1.28,0.05,0.14,0.02
39049,Franklin,1564415,7.12,52.05,21.25,0.64,0.34,0.26,0.02,0.0,18.32,0.64,9.88,19.82,17.02,5.34,0.26,6.85,0.03,0.23,0.02,0.0,5.48,15.77,0.15,0.18,16.55,1.15,0.02,0.52,0.07
18105,Monroe,1183687,58.61,12.13,17.77,3.81,0.43,0.22,0.01,0.03,6.98,3.81,6.65,3.48,1.56,0.43,0.22,55.73,0.48,2.4,0.01,0.03,13.49,4.28,0.34,0.09,4.31,1.46,0.07,0.79,0.37
18103,Miami,1086033,11.26,10.16,72.99,0.41,0.99,0.06,0.04,0.01,4.08,0.41,3.74,4.73,1.35,0.32,0.06,11.09,0.02,0.15,0.04,0.01,4.52,68.47,0.75,0.24,1.64,1.99,0.07,0.3,0.08
18095,Madison,1303363,5.2,16.64,71.79,0.16,1.52,0.07,0.0,0.01,4.6,0.16,4.31,8.95,2.7,0.68,0.07,5.16,0.0,0.04,0.0,0.01,4.28,67.51,1.23,0.3,3.06,1.35,0.06,0.11,0.02
54009,Brooke,266385,62.12,14.81,13.46,3.06,0.06,0.07,0.0,0.01,6.42,3.06,7.49,3.93,2.4,0.99,0.07,59.03,0.09,3.0,0.0,0.01,13.32,0.14,0.05,0.0,2.52,2.26,0.01,1.13,0.5
54013,Calhoun,807672,88.57,4.23,4.11,0.11,0.0,0.0,0.0,0.1,2.88,0.11,3.8,0.36,0.06,0.0,0.0,87.04,0.05,1.48,0.0,0.1,4.11,0.0,0.0,0.0,0.64,0.69,0.0,0.75,0.8
54043,Lincoln,1262364,87.83,4.06,1.91,0.02,0.01,0.0,0.0,0.2,5.97,0.02,3.19,0.74,0.13,0.01,0.0,86.47,0.04,1.33,0.0,0.2,1.9,0.01,0.01,0.0,0.92,0.71,0.0,2.77,1.57
18133,Putnam,1389096,32.26,7.74,54.37,0.44,0.2,0.19,0.01,0.01,4.79,0.44,4.43,2.74,0.48,0.08,0.19,31.89,0.02,0.35,0.01,0.01,10.81,43.56,0.12,0.08,1.48,2.66,0.04,0.51,0.11
18097,Marion,1159741,6.06,68.68,8.2,1.58,0.43,0.2,0.01,0.01,14.84,1.58,14.2,26.19,20.85,7.44,0.2,5.94,0.0,0.11,0.01,0.01,2.03,6.17,0.24,0.19,13.67,0.71,0.04,0.34,0.08
39077,Huron,1426155,13.45,9.81,70.03,0.34,2.35,0.0,0.03,0.01,3.99,0.34,3.07,5.43,0.98,0.32,0.0,13.21,0.04,0.2,0.03,0.01,3.53,66.51,2.18,0.16,1.9,1.86,0.03,0.12,0.08
39173,Wood,1785746,3.1,13.93,75.82,0.54,1.08,0.09,0.02,0.01,5.42,0.54,2.51,8.51,2.33,0.59,0.09,3.07,0.0,0.03,0.02,0.01,0.9,74.92,1.02,0.06,4.34,0.92,0.03,0.1,0.02
39147,Seneca,1590801,8.23,10.0,77.9,0.21,0.64,0.24,0.01,0.0,2.75,0.21,2.77,6.01,0.97,0.25,0.24,8.18,0.0,0.05,0.01,0.0,1.76,76.15,0.56,0.09,1.31,1.29,0.01,0.11,0.02
39171,Williams,1217569,4.52,9.69,73.87,0.27,7.74,0.0,0.01,0.0,3.89,0.27,2.39,6.07,0.99,0.24,0.0,4.46,0.01,0.04,0.01,0.0,5.15,68.72,7.61,0.13,1.86,1.85,0.07,0.07,0.03
39159,Union,1257278,8.62,8.67,75.88,0.08,0.43,0.05,0.0,0.0,6.27,0.08,3.82,3.85,0.8,0.2,0.05,8.53,0.01,0.08,0.0,0.0,9.05,66.82,0.32,0.11,4.56,1.63,0.01,0.05,0.02
39035,Cuyahoga,1321633,13.84,77.18,0.74,0.09,1.45,0.02,0.0,0.01,6.65,0.09,20.79,23.5,24.1,8.79,0.02,13.1,0.05,0.69,0.0,0.01,0.65,0.09,1.42,0.03,6.07,0.16,0.04,0.34,0.04
39165,Warren,1172649,23.74,16.28,41.95,1.33,0.27,0.05,0.0,0.0,16.38,1.33,7.91,5.97,2.0,0.4,0.05,21.51,0.07,2.15,0.0,0.0,17.96,23.99,0.16,0.11,14.43,1.48,0.07,0.32,0.07
18121,Parke,1294999,37.74,6.13,49.56,1.07,1.78,0.01,0.01,0.01,3.69,1.07,4.31,1.59,0.2,0.03,0.01,37.36,0.02,0.36,0.01,0.01,5.08,44.47,1.66,0.12,0.82,2.32,0.12,0.29,0.15
39045,Fairfield,1463499,21.79,12.09,57.64,0.6,0.38,0.01,0.01,0.0,7.49,0.6,5.97,4.65,1.26,0.21,0.01,19.98,0.16,1.65,0.01,0.0,17.1,40.54,0.24,0.14,5.49,1.7,0.01,0.15,0.14
39083,Knox,1524167,29.6,8.83,55.94,0.37,0.55,0.03,0.03,0.0,4.65,0.37,5.87,2.42,0.45,0.09,0.03,27.98,0.23,1.39,0.03,0.0,24.31,31.63,0.44,0.11,1.96,2.35,0.02,0.22,0.11
42103,Pike,1631180,76.25,8.37,1.07,2.8,7.61,0.08,0.02,0.04,3.77,2.8,6.91,1.19,0.25,0.03,0.08,57.98,2.33,15.95,0.02,0.04,0.82,0.25,7.53,0.08,0.97,0.13,0.25,0.76,1.67
42115,Susquehanna,2394698,60.96,7.29,23.57,0.79,3.1,0.11,0.0,0.02,4.16,0.79,5.59,1.37,0.3,0.03,0.11,42.6,1.82,16.54,0.0,0.02,23.33,0.24,2.79,0.31,1.48,0.94,0.32,0.82,0.59
42125,Washington,2477310,50.09,14.42,26.78,0.42,0.02,0.15,0.0,0.02,8.11,0.42,9.02,3.64,1.46,0.31,0.15,45.93,0.23,3.92,0.0,0.02,26.53,0.25,0.02,0.0,4.29,2.49,0.01,0.64,0.68
54069,Ohio,313731,55.04,18.88,16.79,2.51,0.01,0.03,0.0,0.0,6.74,2.51,9.95,4.62,3.33,0.97,0.03,50.36,0.04,4.64,0.0,0.0,16.79,0.0,0.01,0.0,3.45,1.92,0.01,0.82,0.54
54065,Morgan,660761,76.27,7.11,10.2,0.14,0.1,0.15,0.02,0.01,5.99,0.14,5.01,1.76,0.31,0.03,0.15,67.73,0.98,7.55,0.02,0.01,10.11,0.09,0.1,0.0,1.61,1.04,0.0,1.22,2.12
18183,Whitley,972592,10.44,9.15,71.79,0.75,3.03,0.01,0.06,0.0,4.78,0.75,2.82,5.36,0.81,0.15,0.01,10.29,0.01,0.14,0.06,0.0,8.88,62.91,2.43,0.59,2.42,2.01,0.14,0.14,0.07
39089,Licking,1978052,31.12,12.08,48.14,0.24,0.45,0.02,0.01,0.0,7.95,0.24,6.01,4.42,1.38,0.28,0.02,29.4,0.21,1.5,0.01,0.0,21.4,26.75,0.36,0.1,5.4,2.17,0.02,0.2,0.16
18041,Fayette,619191,23.89,8.71,63.59,0.07,0.19,0.03,0.0,0.0,3.52,0.07,5.43,2.27,0.76,0.25,0.03,23.5,0.03,0.36,0.0,0.0,12.26,51.32,0.12,0.07,1.15,1.99,0.08,0.28,0.02
18001,Adams,978332,5.24,9.29,80.87,0.14,1.16,0.06,0.0,0.0,3.26,0.14,2.04,6.04,0.97,0.24,0.06,5.2,0.0,0.04,0.0,0.0,2.79,78.07,0.96,0.19,1.96,1.2,0.03,0.06,0.0
42119,Union,914374,56.38,8.64,28.67,0.12,0.75,0.06,0.04,0.01,5.33,0.12,4.74,2.97,0.77,0.16,0.06,38.11,0.62,17.64,0.04,0.01,8.82,19.85,0.72,0.03,2.47,0.86,0.02,0.57,1.41
42039,Crawford,2985960,48.15,8.66,28.3,2.12,8.49,0.03,0.0,0.01,4.23,2.12,6.75,1.45,0.36,0.1,0.03,40.78,0.91,6.46,0.0,0.01,22.52,5.79,8.19,0.31,1.11,1.58,0.23,0.49,0.83
54039,Kanawha,2621674,81.17,9.91,1.11,0.65,0.01,0.14,0.0,0.14,6.86,0.65,4.58,2.88,1.97,0.49,0.14,79.62,0.03,1.51,0.0,0.14,1.11,0.01,0.0,0.0,1.29,0.29,0.0,3.11,2.17
42121,Venango,1964986,74.14,7.31,11.93,1.03,0.76,0.05,0.0,0.04,4.74,1.03,5.49,1.29,0.43,0.1,0.05,65.54,0.98,7.62,0.0,0.04,11.2,0.74,0.74,0.02,0.77,1.07,0.04,0.72,2.15
39153,Summit,1209041,24.76,52.42,6.61,1.27,2.88,0.06,0.0,0.04,11.95,1.27,21.44,18.81,9.42,2.76,0.06,23.23,0.18,1.35,0.0,0.04,5.3,1.31,2.76,0.13,10.23,0.98,0.06,0.53,0.14
18175,Washington,1486626,41.18,6.54,47.18,0.23,1.25,0.03,0.0,0.0,3.58,0.23,4.94,1.37,0.2,0.04,0.03,38.57,0.34,2.27,0.0,0.0,21.48,25.7,1.23,0.03,1.31,1.89,0.03,0.19,0.15
42071,Lancaster,2831194,16.18,19.9,51.25,3.22,0.67,0.15,0.09,0.01,8.54,3.22,7.54,8.69,2.93,0.76,0.15,14.41,0.07,1.7,0.09,0.01,12.62,38.62,0.6,0.07,6.82,1.14,0.11,0.21,0.25
18009,Blackford,476505,8.04,9.3,78.1,0.12,1.16,0.05,0.04,0.01,3.18,0.12,2.49,5.76,0.87,0.19,0.05,8.01,0.0,0.02,0.04,0.01,3.39,74.71,0.92,0.24,1.1,1.91,0.04,0.06,0.06
18063,Hendricks,1176375,9.81,13.5,62.32,0.1,0.14,0.02,0.0,0.0,14.1,0.1,5.12,6.46,1.62,0.31,0.02,9.66,0.0,0.15,0.0,0.0,9.27,53.05,0.1,0.04,12.54,1.46,0.01,0.07,0.02
54041,Lewis,1121340,80.26,5.11,9.91,0.21,0.0,0.01,0.0,0.07,4.44,0.21,3.63,0.99,0.45,0.04,0.01,78.55,0.03,1.68,0.0,0.07,9.91,0.0,0.0,0.0,0.97,1.34,0.0,1.1,1.02
39149,Shelby,1181913,9.31,9.86,76.09,0.38,0.47,0.04,0.0,0.01,3.84,0.38,3.74,4.65,1.2,0.28,0.04,9.16,0.01,0.14,0.0,0.01,5.25,70.84,0.31,0.15,2.37,1.26,0.03,0.15,0.03
18093,Lawrence,1300542,48.99,8.32,36.96,0.51,0.44,0.3,0.0,0.0,4.47,0.51,5.58,1.87,0.69,0.17,0.3,46.67,0.37,1.96,0.0,0.0,25.51,11.45,0.38,0.06,1.72,2.02,0.05,0.48,0.2
54059,Mingo,1220017,80.52,4.29,0.04,0.16,0.0,0.18,0.0,0.2,14.6,0.16,2.17,1.49,0.57,0.06,0.18,80.28,0.03,0.22,0.0,0.2,0.04,0.0,0.0,0.0,1.1,0.05,0.0,8.43,5.02
39103,Medina,1217525,24.92,17.43,42.25,0.42,2.8,0.03,0.09,0.0,12.05,0.42,7.8,7.37,1.92,0.36,0.03,23.07,0.29,1.56,0.09,0.0,20.92,21.34,2.46,0.34,9.63,1.8,0.04,0.39,0.2
42005,Armstrong,1910756,58.68,9.55,24.3,1.35,0.08,0.22,0.0,0.05,5.77,1.35,6.7,2.15,0.59,0.11,0.22,52.01,0.24,6.42,0.0,0.05,21.36,2.94,0.07,0.01,1.49,2.16,0.01,1.18,0.92
39053,Gallia,1355983,60.29,7.91,21.12,0.41,0.26,0.04,0.0,0.01,9.94,0.41,5.82,1.57,0.43,0.09,0.04,55.12,0.59,4.59,0.0,0.01,19.73,1.39,0.23,0.04,1.53,3.31,0.02,1.16,3.93
39031,Coshocton,1632949,52.58,7.4,32.55,0.48,0.94,0.08,0.03,0.01,5.93,0.48,5.3,1.55,0.45,0.1,0.08,50.05,0.23,2.3,0.03,0.01,23.35,9.2,0.82,0.12,1.18,3.4,0.06,0.76,0.53
39175,Wyandot,1172894,8.31,8.05,78.34,0.13,0.97,0.27,0.09,0.0,3.84,0.13,2.74,4.46,0.72,0.14,0.27,8.26,0.0,0.04,0.09,0.0,3.03,75.31,0.43,0.54,1.48,1.96,0.12,0.21,0.07
42129,Westmoreland,2981205,52.45,18.67,20.61,0.68,0.15,0.16,0.0,0.02,7.27,0.68,10.14,5.7,2.3,0.53,0.16,48.97,0.14,3.33,0.0,0.02,17.4,3.2,0.14,0.01,3.79,1.32,0.02,0.95,1.19
39107,Mercer,1362402,4.3,8.86,78.84,3.4,1.05,0.04,0.0,0.0,3.5,3.4,2.14,5.47,1.08,0.18,0.04,4.29,0.0,0.01,0.0,0.0,0.87,77.97,0.87,0.18,2.33,1.05,0.06,0.04,0.02
54099,Wayne,1473765,85.07,6.83,2.63,0.95,0.02,0.02,0.0,0.02,4.45,0.95,4.64,1.43,0.68,0.08,0.02,81.08,0.05,3.95,0.0,0.02,2.54,0.09,0.01,0.0,1.28,0.82,0.0,1.2,1.14
