feature_set,component,candidate,horizon,rmse,mae,n,r2,prediction_mean,prediction_max,prediction_zero_pct
base,P_t,huber,osi_target_t01h,0.019011034549594547,0.005552310557267929,34177,0.6970906753334647,0.008346986297828964,0.43171674391317083,18.061854463528103
base,P_t,huber,osi_target_t06h,0.01652157662305222,0.0054301636924241935,32982,0.6721720958895923,0.007289054357120734,0.38214596091989955,11.009035231338306
base,P_t,huber,osi_target_t24h,0.01350204992139251,0.004607591748952404,28680,0.4471955032677213,0.004652713934378921,0.18215995164801363,11.401673640167365
base,P_t,huber,osi_target_t48h,0.012221488099174468,0.003660085672865705,22944,0.3443571914831266,0.003218772474779755,0.10313863262675042,11.031206415620641
base,P_t,l2,osi_target_t01h,0.019015694046351946,0.005589108064343094,34177,0.6969421744219473,0.008380060075253921,0.42831800007352744,19.811569183954123
base,P_t,l2,osi_target_t06h,0.01652157662305222,0.0054301636924241935,32982,0.6721720958895923,0.007289054357120734,0.38214596091989955,11.009035231338306
base,P_t,l2,osi_target_t24h,0.01350204992139251,0.004607591748952404,28680,0.4471955032677213,0.004652713934378921,0.18215995164801363,11.401673640167365
base,P_t,l2,osi_target_t48h,0.012221488099174468,0.003660085672865705,22944,0.3443571914831266,0.003218772474779755,0.10313863262675042,11.031206415620641
base,P_t,weighted_l2,osi_target_t01h,0.019036103406955062,0.006211726100027746,34177,0.6962912872445195,0.009405881642835645,0.4871505602854958,22.187435994967373
base,P_t,weighted_l2,osi_target_t06h,0.016962222376487396,0.006152605813623342,32982,0.6544519515639926,0.008464253334787782,0.41339036479948854,17.937056576314355
base,P_t,weighted_l2,osi_target_t24h,0.014100273747055981,0.005414399960653334,28680,0.39712505283281796,0.005861558842463789,0.19219378511992233,17.967224546722456
base,P_t,weighted_l2,osi_target_t48h,0.01254030064179061,0.004591709671883832,22944,0.30970453474926707,0.004469223444064274,0.10453661525932775,14.038528591352858
base,N_t,huber,osi_target_t01h,0.0042650244372151695,0.000912361696640493,34177,0.10642527612778185,0.0006502311535351211,0.028648270163461345,24.472598531175937
base,N_t,huber,osi_target_t06h,0.0037219957474193405,0.0008477534810406517,32982,0.08076992657072912,0.0005789435676072689,0.02384598313395419,6.961372870050331
base,N_t,huber,osi_target_t24h,0.0037461377320231674,0.0008662008682637331,28680,0.09871867558487701,0.0006108488501271862,0.017760499505988958,12.07112970711297
base,N_t,huber,osi_target_t48h,0.003435584367091952,0.0006558757591678592,22944,0.08194658844581237,0.0004304310392272965,0.021175765079063026,12.822524407252441
base,N_t,tweedie,osi_target_t01h,0.004331282789481653,0.0006391719076034554,34177,0.07844574787227954,0.00027226221150720607,0.027263982530919623,0.0
base,N_t,tweedie,osi_target_t06h,0.003739131060217888,0.0006223395708053994,32982,0.07228654625798325,0.0002864714750905201,0.02445526137562068,0.0
base,N_t,tweedie,osi_target_t24h,0.003770001070300621,0.0006272196116499151,28680,0.08719956679458651,0.00028134500788960803,0.021753854379029974,0.0
base,N_t,tweedie,osi_target_t48h,0.003446315603750291,0.00047380422448649995,22944,0.07620245075907672,0.00019093515007962238,0.031639768568719875,0.0
base,N_t,hurdle,osi_target_t01h,0.00438371216737224,0.0006273868842841017,34177,0.05600022780613467,0.0002192116887028718,0.014809895724268513,0.0
base,N_t,hurdle,osi_target_t06h,0.00376709643915525,0.0005924812046903068,32982,0.058357707516003554,0.00021531771504218177,0.024165788026978507,0.0
base,N_t,hurdle,osi_target_t24h,0.003820137338340891,0.0006068687421842256,28680,0.06275993888577036,0.00021917153935516713,0.017340493944432923,0.0
base,N_t,hurdle,osi_target_t48h,0.0034514426683510736,0.0004692362075009977,22944,0.07345174920213549,0.0001651939108366284,0.02460516827594687,0.0
base,D_t,huber,osi_target_t01h,0.017174857982931127,0.005329974174653355,34177,0.7720406564278197,0.009223907085071226,0.48442112920956465,15.832284869941773
base,D_t,huber,osi_target_t06h,0.016202205544816124,0.005208948207432927,32982,0.7285243153223209,0.007925939370795264,0.42174550925227133,13.631677884906917
base,D_t,huber,osi_target_t24h,0.011650479869733367,0.004443898902259999,28680,0.5449447612387797,0.004917895045717744,0.19464937944323235,7.175732217573222
base,D_t,huber,osi_target_t48h,0.010598166807220042,0.003614442225445917,22944,0.41522853303749097,0.0034381642563313638,0.09227735207546728,8.21565550906555
base,D_t,l2,osi_target_t01h,0.017174857982931127,0.005329974174653355,34177,0.7720406564278197,0.009223907085071226,0.48442112920956465,15.832284869941773
base,D_t,l2,osi_target_t06h,0.016202205544816124,0.005208948207432927,32982,0.7285243153223209,0.007925939370795264,0.42174550925227133,13.631677884906917
base,D_t,l2,osi_target_t24h,0.011650479869733367,0.004443898902259999,28680,0.5449447612387797,0.004917895045717744,0.19464937944323235,7.175732217573222
base,D_t,l2,osi_target_t48h,0.010598166807220042,0.003614442225445917,22944,0.41522853303749097,0.0034381642563313638,0.09227735207546728,8.21565550906555
base,D_t,weighted_l2,osi_target_t01h,0.017267496558908028,0.00563548903559678,34177,0.7695748681026329,0.00975442686310278,0.49764025088156877,20.390906164964743
base,D_t,weighted_l2,osi_target_t06h,0.01654689824508762,0.005642612988636277,32982,0.7168504637243198,0.008604526053089857,0.44605093752447067,18.943666242192712
base,D_t,weighted_l2,osi_target_t24h,0.012356837589793699,0.005171179036664017,28680,0.48809288233167614,0.0059074820306104815,0.2051219290952535,16.56555090655509
base,D_t,weighted_l2,osi_target_t48h,0.010963346349841257,0.004237165334659657,22944,0.37423547207292096,0.004341117500376759,0.08805301262783045,7.021443514644352
base,R_t,huber,osi_target_t01h,0.004083139896598338,0.00112588053583681,34177,0.15677288387587374,0.000939354323640851,0.020959668181055095,11.858852444626503
base,R_t,huber,osi_target_t06h,0.004051399038536567,0.0011060740219348505,32982,0.14464903894842018,0.0009127543030404977,0.02328852834211107,12.155114911163665
base,R_t,huber,osi_target_t24h,0.0034468815271313288,0.0009254091468686018,28680,0.07772803345580226,0.0006801206677840328,0.012742973201506785,7.374476987447699
base,R_t,huber,osi_target_t48h,0.003280293626646243,0.0007568025942804183,22944,0.05534390980164716,0.0005289369939892177,0.0117225922546945,5.129881450488145
base,R_t,tweedie,osi_target_t01h,0.004085865198838711,0.0008756241060697857,34177,0.15564688000326066,0.0005586553546237033,0.020544196408552835,0.0
base,R_t,tweedie,osi_target_t06h,0.004044846333153462,0.0008538637120126008,32982,0.14741367909373326,0.0005537143598703079,0.017606193178804266,0.0
base,R_t,tweedie,osi_target_t24h,0.003475774998975908,0.0007012108833270135,28680,0.062201346068032515,0.0003696263686395291,0.012348436940652624,0.0
base,R_t,tweedie,osi_target_t48h,0.003284767973904617,0.0005875788523124707,22944,0.052765115029871135,0.0002829801335065957,0.011525731296205639,0.0
base,R_t,hurdle,osi_target_t01h,0.004157965024990978,0.000859945265390407,34177,0.1255847810003834,0.0004841300393354751,0.01629942373219793,0.0
base,R_t,hurdle,osi_target_t06h,0.004123591563131673,0.0008289554989344232,32982,0.11389417587294515,0.0004465506955045038,0.01241171828690885,0.0
base,R_t,hurdle,osi_target_t24h,0.003468476170937389,0.0006948879276484798,28680,0.06613580346761394,0.0003454707948074231,0.010404396409020878,0.0
base,R_t,hurdle,osi_target_t48h,0.0032937924323971557,0.0005748741375332367,22944,0.04755316423282008,0.0002540286284871308,0.010535859815906594,0.0
profile,P_t,huber,osi_target_t01h,0.01916478173682131,0.005796082580071292,34177,0.6921714507347969,0.008578880012112594,0.4530154969655036,15.884951868215467
profile,P_t,huber,osi_target_t06h,0.01644360079150773,0.005392674623996922,32982,0.675259250438552,0.007354185982750668,0.39520447236429834,15.560002425565461
profile,P_t,huber,osi_target_t24h,0.013794760267163498,0.004707548334199584,28680,0.4229672491047596,0.0047546212002331605,0.18626384073424487,11.827057182705717
profile,P_t,huber,osi_target_t48h,0.012377525851893879,0.003640189190361839,22944,0.3275084871476369,0.0031139602085999826,0.09191863037899367,12.072873082287309
profile,P_t,l2,osi_target_t01h,0.019083070507231285,0.005774322923085986,34177,0.69479077905932,0.00854622637295266,0.4446940877884911,14.650203353132223
profile,P_t,l2,osi_target_t06h,0.01644360079150773,0.005392674623996922,32982,0.675259250438552,0.007354185982750668,0.39520447236429834,15.560002425565461
profile,P_t,l2,osi_target_t24h,0.013794760267163498,0.004707548334199584,28680,0.4229672491047596,0.0047546212002331605,0.18626384073424487,11.827057182705717
profile,P_t,l2,osi_target_t48h,0.012377525851893879,0.003640189190361839,22944,0.3275084871476369,0.0031139602085999826,0.09191863037899367,12.072873082287309
profile,P_t,weighted_l2,osi_target_t01h,0.019386908008963234,0.006527080391901952,34177,0.6849944252759064,0.009743508184173182,0.44824855462481467,14.881352956666763
profile,P_t,weighted_l2,osi_target_t06h,0.016789485489473843,0.006029572026791224,32982,0.6614539785706492,0.008354989611120255,0.40651322693907943,18.41610575465405
profile,P_t,weighted_l2,osi_target_t24h,0.014447588007035288,0.005945166190168833,28680,0.3670595585454449,0.006298442752590765,0.19309727860172132,13.49023709902371
profile,P_t,weighted_l2,osi_target_t48h,0.01258168819856914,0.004338104607984575,22944,0.305140563168413,0.0041861550504783416,0.09235086496390171,12.264644351464435
profile,N_t,huber,osi_target_t01h,0.00426717822943568,0.000898513208529479,34177,0.10552255668882615,0.0006363762261368286,0.027897784289637444,24.147818708488163
profile,N_t,huber,osi_target_t06h,0.0037204715240219317,0.0008318029102561705,32982,0.08152265451049989,0.000563498761588001,0.023027291072426053,9.935722515311381
profile,N_t,huber,osi_target_t24h,0.0037575952851821234,0.0008676936587161204,28680,0.09319711114679097,0.0006076362275263513,0.017441837815231283,12.022315202231521
profile,N_t,huber,osi_target_t48h,0.00344272859769716,0.0006541962379911719,22944,0.07812447027814984,0.000422338417706362,0.019881620418484437,10.852510460251045
profile,N_t,tweedie,osi_target_t01h,0.0043545048814326425,0.0006437139429706772,34177,0.06853746545634165,0.00027614016470061835,0.02077297337433283,0.0
profile,N_t,tweedie,osi_target_t06h,0.0037573895751643396,0.0006080817217072388,32982,0.06320420802700644,0.00025705958964293015,0.020335501290211375,0.0
profile,N_t,tweedie,osi_target_t24h,0.0037842271126756074,0.0006260499888111542,28680,0.08029769182657287,0.0002722952517688143,0.020491776243769307,0.0
profile,N_t,tweedie,osi_target_t48h,0.003458927998238228,0.00047813322810572235,22944,0.06942848084848496,0.000191319798953533,0.022514109770200533,0.0
profile,N_t,hurdle,osi_target_t01h,0.004400451306274523,0.0006410844175971274,34177,0.048777165677302725,0.0002410148245866733,0.013752239894874844,0.0
profile,N_t,hurdle,osi_target_t06h,0.0037789629920565175,0.0006045565106610545,32982,0.05241591776910837,0.00022923032520225973,0.01016981034459285,0.0
profile,N_t,hurdle,osi_target_t24h,0.0038305198143522476,0.0006212900002870171,28680,0.0576585014206078,0.0002373127035930544,0.014760839470032993,0.0
profile,N_t,hurdle,osi_target_t48h,0.003471370417611952,0.000473330507245457,22944,0.06272155532504686,0.0001663647197328262,0.013337967502185147,0.0
profile,D_t,huber,osi_target_t01h,0.017349839511146076,0.005373809372483597,34177,0.7673719864466051,0.009268209658883255,0.4836314397079848,17.538110425139713
profile,D_t,huber,osi_target_t06h,0.01610495862636507,0.005363278102154488,32982,0.731773372462295,0.00804927213047532,0.4362789768344115,13.12837305196774
profile,D_t,huber,osi_target_t24h,0.011965426954501864,0.004353751551873088,28680,0.520009225108374,0.004769498600375097,0.19098498433610928,7.552301255230126
profile,D_t,huber,osi_target_t48h,0.010870149743212584,0.00364263378441374,22944,0.3848291814538014,0.0033205648422222397,0.07811444054820621,8.416143654114364
profile,D_t,l2,osi_target_t01h,0.017349839511146076,0.005373809372483597,34177,0.7673719864466051,0.009268209658883255,0.4836314397079848,17.538110425139713
profile,D_t,l2,osi_target_t06h,0.01610495862636507,0.005363278102154488,32982,0.731773372462295,0.00804927213047532,0.4362789768344115,13.12837305196774
profile,D_t,l2,osi_target_t24h,0.011965426954501864,0.004353751551873088,28680,0.520009225108374,0.004769498600375097,0.19098498433610928,7.552301255230126
profile,D_t,l2,osi_target_t48h,0.010870149743212584,0.00364263378441374,22944,0.3848291814538014,0.0033205648422222397,0.07811444054820621,8.416143654114364
profile,D_t,weighted_l2,osi_target_t01h,0.01739762394529831,0.005780262470176347,34177,0.766088826948663,0.009764933861960487,0.45703921243157636,17.15773765982971
profile,D_t,weighted_l2,osi_target_t06h,0.01652061561018357,0.005721589470288602,32982,0.7177492431219448,0.008696031775151901,0.4302686284478974,18.082590503911224
profile,D_t,weighted_l2,osi_target_t24h,0.012618879798332726,0.004701011481581776,28680,0.4661514126825044,0.0054634115915716715,0.20891085719709174,15.14644351464435
profile,D_t,weighted_l2,osi_target_t48h,0.011074294990223554,0.004069749285918697,22944,0.36150595969906696,0.004034378581087717,0.07816761673589202,16.89766387726639
profile,R_t,huber,osi_target_t01h,0.0040717591372742565,0.0011240410670111981,34177,0.1614669139907532,0.0009322294866835584,0.02109695610416085,13.743160605085292
profile,R_t,huber,osi_target_t06h,0.004047605959615675,0.0010794342299836391,32982,0.14624991553238986,0.0008875623762802969,0.019630464922414926,9.114062215754046
profile,R_t,huber,osi_target_t24h,0.0034564120045368556,0.0009238546623329639,28680,0.07262089900529922,0.0006781369777949859,0.013354120020276708,6.028591352859135
profile,R_t,huber,osi_target_t48h,0.0032859819781058015,0.0007747472665703457,22944,0.05206481617091385,0.0005388237685140266,0.010193090056761552,4.345362622036262
profile,R_t,tweedie,osi_target_t01h,0.004104158114905839,0.000872120826487839,34177,0.14806941178117328,0.0005431925354058767,0.01839021938339814,0.0
profile,R_t,tweedie,osi_target_t06h,0.00407347796515912,0.0008489841214453619,32982,0.13530081608134525,0.0005312433308775894,0.019091929055509913,0.0
profile,R_t,tweedie,osi_target_t24h,0.003465202973242719,0.000687284248768108,28680,0.06789754532297143,0.00035216851717513934,0.011979882865482615,0.0
profile,R_t,tweedie,osi_target_t48h,0.0032971302643091103,0.000575133782253068,22944,0.045621823193630395,0.00026109850263585316,0.010213798645623533,0.0
profile,R_t,hurdle,osi_target_t01h,0.004165670064101566,0.0008587230224481054,34177,0.1223410567783878,0.0004718267394270836,0.014507019364234448,0.0
profile,R_t,hurdle,osi_target_t06h,0.004128218327559594,0.0008258514017187019,32982,0.1119045981564587,0.00043765680486137056,0.0140177449203257,0.0
profile,R_t,hurdle,osi_target_t24h,0.00348623732065957,0.0007032947526529235,28680,0.0565471722986598,0.00034684664090331175,0.008717554237940663,0.0
profile,R_t,hurdle,osi_target_t48h,0.003302335378728354,0.0005796451280671146,22944,0.04260612871112879,0.00025853742673471515,0.0072186627930670814,0.0
