horizon,feature_set,component,candidate,key,rmse,mae,n,r2,prediction_mean,prediction_max,prediction_zero_pct,rmse_change_vs_E0_pct
osi_target_t01h,base,P_t,huber,base__P_t__huber__osi_target_t01h,0.011865427114391812,0.003526919842147216,34177,0.7285527775522072,0.00562748524698006,0.2926764026968674,51.58732480908213,0.0
osi_target_t01h,base,P_t,l2,base__P_t__l2__osi_target_t01h,0.0118670816395499,0.0035423746782771793,34177,0.7284770706152588,0.005647506845135279,0.2917070417610705,50.74757878105159,0.013944084289074787
osi_target_t01h,base,P_t,weighted_l2,base__P_t__weighted_l2__osi_target_t01h,0.011813005992705973,0.0037575609826910068,34177,0.7309459716324453,0.006063195667346087,0.31524114335047004,46.90873979576908,-0.44179717409629227
osi_target_t01h,base,N_t,huber,base__N_t__huber__osi_target_t01h,0.011865427114391812,0.003526919842147216,34177,0.7285527775522072,0.00562748524698006,0.2926764026968674,51.58732480908213,0.0
osi_target_t01h,base,N_t,tweedie,base__N_t__tweedie__osi_target_t01h,0.01187346073541773,0.003461723805660112,34177,0.7281850803209503,0.005505066772296618,0.2928637500076441,53.22585364426369,0.06770612594446668
osi_target_t01h,base,N_t,hurdle,base__N_t__hurdle__osi_target_t01h,0.01188433645639457,0.003458438013938409,34177,0.7276869042330094,0.005486549886724256,0.2927441003703655,53.36922491734207,0.1593650344017039
osi_target_t01h,base,D_t,huber,base__D_t__huber__osi_target_t01h,0.011865427114391812,0.003526919842147216,34177,0.7285527775522072,0.00562748524698006,0.2926764026968674,51.58732480908213,0.0
osi_target_t01h,base,D_t,l2,base__D_t__l2__osi_target_t01h,0.011865427114391812,0.003526919842147216,34177,0.7285527775522072,0.00562748524698006,0.2926764026968674,51.58732480908213,0.0
osi_target_t01h,base,D_t,weighted_l2,base__D_t__weighted_l2__osi_target_t01h,0.011842047664998964,0.0035909431663389145,34177,0.7296214342853689,0.005761411979243343,0.29598118311486843,49.97220352868889,-0.19703841393531318
osi_target_t01h,base,R_t,huber,base__R_t__huber__osi_target_t01h,0.011865427114391812,0.003526919842147216,34177,0.7285527775522072,0.00562748524698006,0.2926764026968674,51.58732480908213,0.0
osi_target_t01h,base,R_t,tweedie,base__R_t__tweedie__osi_target_t01h,0.011871424923762926,0.0035464842974301672,34177,0.7282782825564478,0.0056630007163183975,0.2927717075521528,51.125025602013054,0.0505486175363945
osi_target_t01h,base,R_t,hurdle,base__R_t__hurdle__osi_target_t01h,0.011867310981700052,0.0035493901097180267,34177,0.7284665756585271,0.005670724855755917,0.29271118462081047,51.048951048951054,0.01587694475788659
osi_target_t01h,profile,P_t,huber,profile__P_t__huber__osi_target_t01h,0.011892526192266077,0.0035871422537040623,34177,0.7273114620254906,0.005701899675973994,0.3015871180224732,47.54366971940194,0.22838687232249466
osi_target_t01h,profile,P_t,l2,profile__P_t__l2__osi_target_t01h,0.011854482972802638,0.0035744520627845233,34177,0.7290532882815592,0.00568807182161109,0.29825855435166815,47.63437399420663,-0.09223554688476687
osi_target_t01h,profile,P_t,weighted_l2,profile__P_t__weighted_l2__osi_target_t01h,0.011910413985826656,0.0038599041588996204,34177,0.7264905322092985,0.006192245103413949,0.29968034108619757,43.05527108874389,0.37914245312147266
osi_target_t01h,profile,N_t,huber,profile__N_t__huber__osi_target_t01h,0.011863366196111303,0.0035230582978267614,34177,0.7286470652594274,0.0056253081150716274,0.29297265860936883,51.67510313953828,-0.017369103199071922
osi_target_t01h,profile,N_t,tweedie,profile__N_t__tweedie__osi_target_t01h,0.011876664215428866,0.003462361849099598,34177,0.7280383882744208,0.005506259371259961,0.29286993052429117,53.19074231208123,0.09470456418230189
osi_target_t01h,profile,N_t,hurdle,profile__N_t__hurdle__osi_target_t01h,0.011884380545456203,0.003459928439031915,34177,0.7276848837498,0.005493640975380251,0.29277089399534334,53.287298475582986,0.1597366102515041
osi_target_t01h,profile,D_t,huber,profile__D_t__huber__osi_target_t01h,0.011845916297834236,0.0035183420795416444,34177,0.7294447475698662,0.0056416883998312,0.29247898032147246,50.5135032331685,-0.16443416970561842
osi_target_t01h,profile,D_t,l2,profile__D_t__l2__osi_target_t01h,0.011845916297834236,0.0035183420795416444,34177,0.7294447475698662,0.0056416883998312,0.29247898032147246,50.5135032331685,-0.16443416970561842
osi_target_t01h,profile,D_t,weighted_l2,profile__D_t__weighted_l2__osi_target_t01h,0.01184108264201585,0.003596727759110657,34177,0.7296654994514666,0.005752030407071028,0.28441276668246857,47.713374491617174,-0.20517147963796667
osi_target_t01h,profile,R_t,huber,profile__R_t__huber__osi_target_t01h,0.011868775112851887,0.0035281030645761434,34177,0.7283995705770052,0.005628060661209435,0.29291235393588183,51.63706586300728,0.02821641756169946
osi_target_t01h,profile,R_t,tweedie,profile__R_t__tweedie__osi_target_t01h,0.011870025963773005,0.0035474521513552174,34177,0.7283423195892229,0.005664463227573066,0.2926549077095996,51.13380343505867,0.038758397290350466
osi_target_t01h,profile,R_t,hurdle,profile__R_t__hurdle__osi_target_t01h,0.011866052854060762,0.0035490777321654913,34177,0.7285241465097254,0.005671768790086802,0.29280009694436665,51.07235860373935,0.00527363796445357
osi_target_t06h,base,P_t,huber,base__P_t__huber__osi_target_t06h,0.010512561705099621,0.003389107513172991,32982,0.7003310896258659,0.004828756502075626,0.257321594928204,47.541083014977865,0.0
osi_target_t06h,base,P_t,l2,base__P_t__l2__osi_target_t06h,0.010512561705099621,0.003389107513172991,32982,0.7003310896258659,0.004828756502075626,0.257321594928204,47.541083014977865,0.0
osi_target_t06h,base,P_t,weighted_l2,base__P_t__weighted_l2__osi_target_t06h,0.010620215756156126,0.0036570490492909167,32982,0.6941621356578904,0.005314723353621193,0.26814156284255236,43.93305439330544,1.0240515497215386
osi_target_t06h,base,N_t,huber,base__N_t__huber__osi_target_t06h,0.010512561705099621,0.003389107513172991,32982,0.7003310896258659,0.004828756502075626,0.257321594928204,47.541083014977865,0.0
osi_target_t06h,base,N_t,tweedie,base__N_t__tweedie__osi_target_t06h,0.010521936167580938,0.0033371819121035193,32982,0.6997963983511208,0.004734849414549461,0.257410652750843,49.3117458007398,0.08917391159539712
osi_target_t06h,base,N_t,hurdle,base__N_t__hurdle__osi_target_t06h,0.010527586051704244,0.003329665902310177,32982,0.69947391569948,0.004710421521365522,0.2573348599844972,49.50275908071069,0.14291803488140076
osi_target_t06h,base,D_t,huber,base__D_t__huber__osi_target_t06h,0.010512561705099621,0.003389107513172991,32982,0.7003310896258659,0.004828756502075626,0.257321594928204,47.541083014977865,0.0
osi_target_t06h,base,D_t,l2,base__D_t__l2__osi_target_t06h,0.010512561705099621,0.003389107513172991,32982,0.7003310896258659,0.004828756502075626,0.257321594928204,47.541083014977865,0.0
osi_target_t06h,base,D_t,weighted_l2,base__D_t__weighted_l2__osi_target_t06h,0.010550593101323044,0.0034927580266418752,32982,0.6981589373774695,0.005007587396420257,0.2625675717854803,45.05791037535625,0.3617709678219949
osi_target_t06h,base,R_t,huber,base__R_t__huber__osi_target_t06h,0.010512561705099621,0.003389107513172991,32982,0.7003310896258659,0.004828756502075626,0.257321594928204,47.541083014977865,0.0
osi_target_t06h,base,R_t,tweedie,base__R_t__tweedie__osi_target_t06h,0.010517676489247842,0.0034078499401342067,32982,0.7000394167290453,0.004862325564157923,0.25726147293647644,47.07719362076284,0.04865402260363361
osi_target_t06h,base,R_t,hurdle,base__R_t__hurdle__osi_target_t06h,0.01051379097673492,0.0034117069114940712,32982,0.7002610028022134,0.004873152200237119,0.2576487123049928,47.01655448426415,0.011693359523423652
osi_target_t06h,profile,P_t,huber,profile__P_t__huber__osi_target_t06h,0.010431361002815154,0.003358010082798622,32982,0.7049425914483365,0.004858279826410765,0.2625449995059635,46.834637074768054,-0.7724159397330954
osi_target_t06h,profile,P_t,l2,profile__P_t__l2__osi_target_t06h,0.010431361002815154,0.003358010082798622,32982,0.7049425914483365,0.004858279826410765,0.2625449995059635,46.834637074768054,-0.7724159397330954
osi_target_t06h,profile,P_t,weighted_l2,profile__P_t__weighted_l2__osi_target_t06h,0.010518026268838436,0.0036067341669980472,32982,0.7000194652055796,0.005276614260099676,0.26706850133587595,44.172578982475294,0.05198127623036175
osi_target_t06h,profile,N_t,huber,profile__N_t__huber__osi_target_t06h,0.010515363546912548,0.0033866320026175105,32982,0.7001713308921831,0.004824895817950517,0.2577877300189664,47.726032381298886,0.02665232216014779
osi_target_t06h,profile,N_t,tweedie,profile__N_t__tweedie__osi_target_t06h,0.010526720121124088,0.003333107454765306,32982,0.6995233522982683,0.0047240642483159226,0.25742327493471223,49.46940755563641,0.13468093145745375
osi_target_t06h,profile,N_t,hurdle,profile__N_t__hurdle__osi_target_t06h,0.010527683239062413,0.003332036629354881,32982,0.6994683669495828,0.004714960092855209,0.25738355372231797,49.490631253410946,0.14384252275501108
osi_target_t06h,profile,D_t,huber,profile__D_t__huber__osi_target_t06h,0.0104560058381291,0.003449734255598496,32982,0.703546756115667,0.004901894584856599,0.260954961823739,41.131526287065675,-0.5379836861560183
osi_target_t06h,profile,D_t,l2,profile__D_t__l2__osi_target_t06h,0.0104560058381291,0.003449734255598496,32982,0.703546756115667,0.004901894584856599,0.260954961823739,41.131526287065675,-0.5379836861560183
osi_target_t06h,profile,D_t,weighted_l2,profile__D_t__weighted_l2__osi_target_t06h,0.010509529182818927,0.003497669360643695,32982,0.700503953595784,0.005032909191044387,0.2594523747271105,44.00885331392881,-0.02884665380107343
osi_target_t06h,profile,R_t,huber,profile__R_t__huber__osi_target_t06h,0.010514284736227337,0.003391476680977144,32982,0.7002328488374482,0.004830913319706461,0.2572668964817169,47.48953974895397,0.01639021178709843
osi_target_t06h,profile,R_t,tweedie,profile__R_t__tweedie__osi_target_t06h,0.010515640074496613,0.003408862912401407,32982,0.7001555612067497,0.004864699101374621,0.2576395953151848,47.062033836638165,0.029282771253535955
osi_target_t06h,profile,R_t,hurdle,profile__R_t__hurdle__osi_target_t06h,0.010514323202312392,0.0034118400342016456,32982,0.700230655461462,0.004874209698848012,0.2577917581175636,47.00139470013947,0.016756117701710593
osi_target_t24h,base,P_t,huber,base__P_t__huber__osi_target_t24h,0.008372823768376926,0.0029248130640176667,28680,0.48607822648387855,0.003075882620338982,0.12131757109497565,42.62900976290098,0.0
osi_target_t24h,base,P_t,l2,base__P_t__l2__osi_target_t24h,0.008372823768376926,0.0029248130640176667,28680,0.48607822648387855,0.003075882620338982,0.12131757109497565,42.62900976290098,0.0
osi_target_t24h,base,P_t,weighted_l2,base__P_t__weighted_l2__osi_target_t24h,0.008561543272928582,0.003240620795409286,28680,0.4626500291288239,0.0035900244555103476,0.12546202435826403,40.1255230125523,2.253952904925871
osi_target_t24h,base,N_t,huber,base__N_t__huber__osi_target_t24h,0.008372823768376926,0.0029248130640176667,28680,0.48607822648387855,0.003075882620338982,0.12131757109497565,42.62900976290098,0.0
osi_target_t24h,base,N_t,tweedie,base__N_t__tweedie__osi_target_t24h,0.008385274959479798,0.002872323426126055,28680,0.48454858814245083,0.002973919887527109,0.12134504252424973,43.81450488145049,0.14870958051091954
osi_target_t24h,base,N_t,hurdle,base__N_t__hurdle__osi_target_t24h,0.008395790995320297,0.0028658860322537,28680,0.48325491453114244,0.002951194496715402,0.12135623123807346,44.034170153417016,0.27430682382345584
osi_target_t24h,base,D_t,huber,base__D_t__huber__osi_target_t24h,0.008372823768376926,0.0029248130640176667,28680,0.48607822648387855,0.003075882620338982,0.12131757109497565,42.62900976290098,0.0
osi_target_t24h,base,D_t,l2,base__D_t__l2__osi_target_t24h,0.008372823768376926,0.0029248130640176667,28680,0.48607822648387855,0.003075882620338982,0.12131757109497565,42.62900976290098,0.0
osi_target_t24h,base,D_t,weighted_l2,base__D_t__weighted_l2__osi_target_t24h,0.008485223678318153,0.003097549829209201,28680,0.4721874554560317,0.00333341250046249,0.12393570850798094,42.15481171548117,1.3424373073006368
osi_target_t24h,base,R_t,huber,base__R_t__huber__osi_target_t24h,0.008372823768376926,0.0029248130640176667,28680,0.48607822648387855,0.003075882620338982,0.12131757109497565,42.62900976290098,0.0
osi_target_t24h,base,R_t,tweedie,base__R_t__tweedie__osi_target_t24h,0.008367997134025156,0.0029389138513111657,28680,0.48667057085688237,0.0031013346887614444,0.12134283903376612,42.26638772663877,-0.05764643428899374
osi_target_t24h,base,R_t,hurdle,base__R_t__hurdle__osi_target_t24h,0.008370422986922402,0.002939712824898372,28680,0.48637290292954705,0.003103710602820293,0.12133149477547117,42.21408647140865,-0.02867349798513219
osi_target_t24h,profile,P_t,huber,profile__P_t__huber__osi_target_t24h,0.008482103968671507,0.0029599715551901625,28680,0.4725754992478305,0.0031128050667904696,0.12309004660399306,41.92817294281729,1.3051773609199513
osi_target_t24h,profile,P_t,l2,profile__P_t__l2__osi_target_t24h,0.008482103968671507,0.0029599715551901625,28680,0.4725754992478305,0.0031128050667904696,0.12309004660399306,41.92817294281729,1.3051773609199513
osi_target_t24h,profile,P_t,weighted_l2,profile__P_t__weighted_l2__osi_target_t24h,0.008710224675928534,0.003472876288490191,28680,0.4438245272741599,0.0038088303115091046,0.12582342175098363,29.808228730822872,4.029714668376605
osi_target_t24h,profile,N_t,huber,profile__N_t__huber__osi_target_t24h,0.008377505358860022,0.0029263746567817907,28680,0.4855033561678834,0.003074730144173345,0.12140470939269717,42.58716875871688,0.055914117060207325
osi_target_t24h,profile,N_t,tweedie,profile__N_t__tweedie__osi_target_t24h,0.008387932516673016,0.002871129564256513,28680,0.48422181086039673,0.0029706384907535817,0.12135099356356066,43.831938633193865,0.18044985436280747
osi_target_t24h,profile,N_t,hurdle,profile__N_t__hurdle__osi_target_t24h,0.008397325786509478,0.0028679567398025305,28680,0.48306597026239007,0.00295759830259661,0.12134231429751093,43.87029288702929,0.29263745195609037
osi_target_t24h,profile,D_t,huber,profile__D_t__huber__osi_target_t24h,0.008427468965045471,0.0028975747333636675,28680,0.4793481196250612,0.003039707670185168,0.12040147231819488,42.350069735006976,0.65264955026203
osi_target_t24h,profile,D_t,l2,profile__D_t__l2__osi_target_t24h,0.008427468965045471,0.0028975747333636675,28680,0.4793481196250612,0.003039707670185168,0.12040147231819488,42.350069735006976,0.65264955026203
osi_target_t24h,profile,D_t,weighted_l2,profile__D_t__weighted_l2__osi_target_t24h,0.008499141187515075,0.0029636615073690372,28680,0.4704545935866621,0.0032190404651513413,0.1248829405334405,40.554393305439326,1.5086597142439873
osi_target_t24h,profile,R_t,huber,profile__R_t__huber__osi_target_t24h,0.008372164982760468,0.0029251560112987358,28680,0.4861590954863525,0.00307604137143492,0.12125396960506542,42.642956764295675,-0.007868141438094334
osi_target_t24h,profile,R_t,tweedie,profile__R_t__tweedie__osi_target_t24h,0.008371635859804927,0.0029407917709057363,28680,0.4862240431855517,0.003103017317895988,0.121340795065892,42.25244072524407,-0.014187669594634134
osi_target_t24h,profile,R_t,hurdle,profile__R_t__hurdle__osi_target_t24h,0.008367389201949287,0.0029394899672500656,28680,0.48674515455584855,0.0031037905172532267,0.12133925926551027,42.22803347280335,-0.0649072114495608
osi_target_t48h,base,P_t,huber,base__P_t__huber__osi_target_t48h,0.007593428433818521,0.0023066625802577725,22944,0.37699845446964386,0.002066386768712737,0.061932949881020403,46.71373779637378,0.0
osi_target_t48h,base,P_t,l2,base__P_t__l2__osi_target_t48h,0.007593428433818521,0.0023066625802577725,22944,0.37699845446964386,0.002066386768712737,0.061932949881020403,46.71373779637378,0.0
osi_target_t48h,base,P_t,weighted_l2,base__P_t__weighted_l2__osi_target_t48h,0.007694143880595145,0.002717689522149378,22944,0.36036249231623574,0.0026515887241872578,0.06292710826714265,33.49459553695955,1.3263501151610457
osi_target_t48h,base,N_t,huber,base__N_t__huber__osi_target_t48h,0.007593428433818521,0.0023066625802577725,22944,0.37699845446964386,0.002066386768712737,0.061932949881020403,46.71373779637378,0.0
osi_target_t48h,base,N_t,tweedie,base__N_t__tweedie__osi_target_t48h,0.007605062620514154,0.0022629831345239108,22944,0.37508794226402753,0.0019852774935528385,0.06218159225047259,48.2784170153417,0.1532138848351794
osi_target_t48h,base,N_t,hurdle,base__N_t__hurdle__osi_target_t48h,0.0076060699525902845,0.002260355083122767,22944,0.37492238527077504,0.0019777879177755916,0.06177393769934513,48.02126917712692,0.16647972496142138
osi_target_t48h,base,D_t,huber,base__D_t__huber__osi_target_t48h,0.007593428433818521,0.0023066625802577725,22944,0.37699845446964386,0.002066386768712737,0.061932949881020403,46.71373779637378,0.0
osi_target_t48h,base,D_t,l2,base__D_t__l2__osi_target_t48h,0.007593428433818521,0.0023066625802577725,22944,0.37699845446964386,0.002066386768712737,0.061932949881020403,46.71373779637378,0.0
osi_target_t48h,base,D_t,weighted_l2,base__D_t__weighted_l2__osi_target_t48h,0.0076326984714521345,0.0024801454621339817,22944,0.3705379850019519,0.002340434914197166,0.06316466791552916,36.21426080892608,0.5171581977215789
osi_target_t48h,base,R_t,huber,base__R_t__huber__osi_target_t48h,0.007593428433818521,0.0023066625802577725,22944,0.37699845446964386,0.002066386768712737,0.061932949881020403,46.71373779637378,0.0
osi_target_t48h,base,R_t,tweedie,base__R_t__tweedie__osi_target_t48h,0.0075933768595238295,0.0023209817953207985,22944,0.3770069172493926,0.0020898567944410396,0.06239238178410124,46.22995118549512,-0.0006791964280883356
osi_target_t48h,base,R_t,hurdle,base__R_t__hurdle__osi_target_t48h,0.007592908761336317,0.0023218529772275676,22944,0.3770837244327211,0.0020917024513388586,0.06225349433347234,46.29968619246862,-0.006843713438975385
osi_target_t48h,profile,P_t,huber,profile__P_t__huber__osi_target_t48h,0.007656970822024628,0.0023042604603024162,22944,0.3665281800874304,0.0020287904930322014,0.05795014765714693,45.650278940027896,0.8368076259613
osi_target_t48h,profile,P_t,l2,profile__P_t__l2__osi_target_t48h,0.007656970822024628,0.0023042604603024162,22944,0.3665281800874304,0.0020287904930322014,0.05795014765714693,45.650278940027896,0.8368076259613
osi_target_t48h,profile,P_t,weighted_l2,profile__P_t__weighted_l2__osi_target_t48h,0.007700135609802551,0.0026071405729016185,22944,0.35936588318898266,0.0025375608453651914,0.05855384317697994,33.43793584379359,1.4052568864518777
osi_target_t48h,profile,N_t,huber,profile__N_t__huber__osi_target_t48h,0.007595166329262224,0.0023034382651935885,22944,0.37671325116364374,0.0020624341440568625,0.0617685330693103,46.56555090655509,0.022886835094970692
osi_target_t48h,profile,N_t,tweedie,profile__N_t__tweedie__osi_target_t48h,0.007610512884472053,0.0022625380136058323,22944,0.37419191910458616,0.0019853982810191942,0.06131792376911808,48.12587168758717,0.22498994758999302
osi_target_t48h,profile,N_t,hurdle,profile__N_t__hurdle__osi_target_t48h,0.00760981297039751,0.0022608250188764357,22944,0.3743070208721456,0.0019775942531923573,0.06164858578156063,48.06049511854951,0.21577258180267567
osi_target_t48h,profile,D_t,huber,profile__D_t__huber__osi_target_t48h,0.0076462505268154925,0.0023095593825018853,22944,0.3683007481519327,0.0020413298976195496,0.05965935191648277,44.63476290097629,0.6956290357820416
osi_target_t48h,profile,D_t,l2,profile__D_t__l2__osi_target_t48h,0.0076462505268154925,0.0023095593825018853,22944,0.3683007481519327,0.0020413298976195496,0.05965935191648277,44.63476290097629,0.6956290357820416
osi_target_t48h,profile,D_t,weighted_l2,profile__D_t__weighted_l2__osi_target_t48h,0.007645988582900687,0.0024005149623433815,22944,0.36834402869580485,0.0022289609666231564,0.06084009872848946,41.85407949790795,0.6921794225132949
osi_target_t48h,profile,R_t,huber,profile__R_t__huber__osi_target_t48h,0.007594048604522224,0.0023071131432845474,22944,0.37689668671402,0.002066882334498492,0.062055766662467565,46.80962343096235,0.008167202853193167
osi_target_t48h,profile,R_t,tweedie,profile__R_t__tweedie__osi_target_t48h,0.007593087472893407,0.0023224065031293537,22944,0.3770544013758743,0.002092330355511359,0.06256433025046032,46.15585774058577,-0.004490210556218344
osi_target_t48h,profile,R_t,hurdle,profile__R_t__hurdle__osi_target_t48h,0.007591376001408251,0.00232060523634693,22944,0.3773351918916883,0.002090832514737974,0.062368074966302915,46.35634588563459,-0.027029061090899642
