feature_set,component,candidate,horizon,fold,rmse,mae,n,best_rounds,train_q95,classification_rounds,magnitude_rounds,positive_train_rows,positive_valid_rows
base,P_t,l2,osi_target_t01h,0,0.011110276016532005,0.0044183631173757044,6864,179.0,,,,,
base,P_t,l2,osi_target_t01h,1,0.01636395449504651,0.005725606733789093,6721,356.0,,,,,
base,P_t,l2,osi_target_t01h,2,0.021088602584126315,0.006328169537846066,6864,140.0,,,,,
base,P_t,l2,osi_target_t01h,3,0.025737501825893204,0.006202510575278208,6864,271.0,,,,,
base,P_t,l2,osi_target_t01h,4,0.017540329747252247,0.005273734079706522,6864,360.0,,,,,
base,P_t,l2,osi_target_t06h,0,0.010299791469336104,0.004150196042394044,6624,175.0,,,,,
base,P_t,l2,osi_target_t06h,1,0.015715605965947226,0.00603054440912965,6486,35.0,,,,,
base,P_t,l2,osi_target_t06h,2,0.021250429928759567,0.006290728769015194,6624,201.0,,,,,
base,P_t,l2,osi_target_t06h,3,0.018955859017516744,0.005963804915697002,6624,99.0,,,,,
base,P_t,l2,osi_target_t06h,4,0.014152732450015698,0.004728052257483103,6624,269.0,,,,,
base,P_t,l2,osi_target_t24h,0,0.007559939377588107,0.0033661187670535157,5760,218.0,,,,,
base,P_t,l2,osi_target_t24h,1,0.013841056393363233,0.005402767900384428,5640,12.0,,,,,
base,P_t,l2,osi_target_t24h,2,0.020408083044628156,0.005873804822452528,5760,303.0,,,,,
base,P_t,l2,osi_target_t24h,3,0.009482701866209316,0.00447684645949597,5760,39.0,,,,,
base,P_t,l2,osi_target_t24h,4,0.012513227443671495,0.0039349869651970765,5760,331.0,,,,,
base,P_t,l2,osi_target_t48h,0,0.005809407536967874,0.002582862529286582,4608,310.0,,,,,
base,P_t,l2,osi_target_t48h,1,0.009181738211389552,0.003869769632450238,4512,9.0,,,,,
base,P_t,l2,osi_target_t48h,2,0.020874127493772786,0.00500566150919069,4608,336.0,,,,,
base,P_t,l2,osi_target_t48h,3,0.008058936936995185,0.0034932191962574375,4608,27.0,,,,,
base,P_t,l2,osi_target_t48h,4,0.011257852146672444,0.0033532839129682543,4608,194.0,,,,,
base,P_t,weighted_l2,osi_target_t01h,0,0.011796307857174006,0.005177864074709164,6864,100.0,0.042559359799999946,,,,
base,P_t,weighted_l2,osi_target_t01h,1,0.017236841698956736,0.0066048862881024255,6721,206.0,0.04184933575,,,,
base,P_t,weighted_l2,osi_target_t01h,2,0.019954334805274244,0.006521444071261496,6864,244.0,0.040003796199999886,,,,
base,P_t,weighted_l2,osi_target_t01h,3,0.026208049568981026,0.007093621028945488,6864,141.0,0.043476921999999994,,,,
base,P_t,weighted_l2,osi_target_t01h,4,0.017006103508149285,0.00566900587437171,6864,190.0,0.04180986039999986,,,,
base,P_t,weighted_l2,osi_target_t06h,0,0.010964817135084274,0.004818890708250121,6624,265.0,0.03566994304999992,,,,
base,P_t,weighted_l2,osi_target_t06h,1,0.016323241710575594,0.007100028488878997,6486,51.0,0.034185903499999996,,,,
base,P_t,weighted_l2,osi_target_t06h,2,0.02074084817649335,0.0068250012795551965,6624,286.0,0.03200717899999994,,,,
base,P_t,weighted_l2,osi_target_t06h,3,0.02037053330448867,0.006980053813072384,6624,349.0,0.03607305154999982,,,,
base,P_t,weighted_l2,osi_target_t06h,4,0.014364017386379638,0.005058792750761169,6624,181.0,0.03441929,,,,
base,P_t,weighted_l2,osi_target_t24h,0,0.008241401068935965,0.004080290744811553,5760,170.0,0.02316009814999999,,,,
base,P_t,weighted_l2,osi_target_t24h,1,0.013960021556240246,0.006963412920979034,5640,22.0,0.022516476299999987,,,,
base,P_t,weighted_l2,osi_target_t24h,2,0.021070684589708837,0.006243982973889657,5760,342.0,0.021759778599999988,,,,
base,P_t,weighted_l2,osi_target_t24h,3,0.010789472943015636,0.005222507997349641,5760,178.0,0.023205545499999997,,,,
base,P_t,weighted_l2,osi_target_t24h,4,0.013069706953742393,0.004594076269576904,5760,147.0,0.022708591899999995,,,,
base,P_t,weighted_l2,osi_target_t48h,0,0.007575560640138802,0.0036647872038156246,4608,345.0,0.014525994,,,,
base,P_t,weighted_l2,osi_target_t48h,1,0.009487966684683248,0.005134610825359017,4512,19.0,0.01425066785000005,,,,
base,P_t,weighted_l2,osi_target_t48h,2,0.020984111800751944,0.005371139288385781,4608,529.0,0.01271782075,,,,
base,P_t,weighted_l2,osi_target_t48h,3,0.008743284948370783,0.004936449628700956,4608,26.0,0.0141162935,,,,
base,P_t,weighted_l2,osi_target_t48h,4,0.010986642181804639,0.0038628718538551796,4608,117.0,0.0141162935,,,,
base,N_t,tweedie,osi_target_t01h,0,0.0016476423467538762,0.00039227468824735913,6864,266.0,,,,,
base,N_t,tweedie,osi_target_t01h,1,0.003310220557232707,0.00063272825772591,6721,195.0,,,,,
base,N_t,tweedie,osi_target_t01h,2,0.0057589738159407695,0.0007586052116331124,6864,221.0,,,,,
base,N_t,tweedie,osi_target_t01h,3,0.005804749823990355,0.0007554713608558348,6864,86.0,,,,,
base,N_t,tweedie,osi_target_t01h,4,0.003619988479097276,0.000656645776849279,6864,163.0,,,,,
base,N_t,tweedie,osi_target_t06h,0,0.001634032909693056,0.0003920996830228068,6624,237.0,,,,,
base,N_t,tweedie,osi_target_t06h,1,0.0030985376748425305,0.0006326891116504542,6486,105.0,,,,,
base,N_t,tweedie,osi_target_t06h,2,0.005906237897988759,0.0007827518503487488,6624,145.0,,,,,
base,N_t,tweedie,osi_target_t06h,3,0.003124382188608838,0.0006480761167043471,6624,88.0,,,,,
base,N_t,tweedie,osi_target_t06h,4,0.0035913566436450574,0.0006562967077349129,6624,108.0,,,,,
base,N_t,tweedie,osi_target_t24h,0,0.0015318900276930045,0.00037528780546633846,5760,265.0,,,,,
base,N_t,tweedie,osi_target_t24h,1,0.003277593728986334,0.0006643261870147747,5640,107.0,,,,,
base,N_t,tweedie,osi_target_t24h,2,0.00616109673819054,0.0008285496585378715,5760,149.0,,,,,
base,N_t,tweedie,osi_target_t24h,3,0.002363107372924405,0.0006088286298192383,5760,77.0,,,,,
base,N_t,tweedie,osi_target_t24h,4,0.0037893990965922946,0.0006598788310647877,5760,170.0,,,,,
base,N_t,tweedie,osi_target_t48h,0,0.0013523948473003198,0.00026418554733761187,4608,249.0,,,,,
base,N_t,tweedie,osi_target_t48h,1,0.0023657997638485786,0.0004751125790247178,4512,50.0,,,,,
base,N_t,tweedie,osi_target_t48h,2,0.006343038507617028,0.0007037749563990022,4608,205.0,,,,,
base,N_t,tweedie,osi_target_t48h,3,0.0020031819491763535,0.00046804375014127225,4608,85.0,,,,,
base,N_t,tweedie,osi_target_t48h,4,0.0027535005666222815,0.0004579315469161086,4608,100.0,,,,,
base,N_t,hurdle,osi_target_t01h,0,0.0017259583827988188,0.00037921906804114767,6864,,,128.0,420.0,10822.0,2634.0
base,N_t,hurdle,osi_target_t01h,1,0.003378886737989702,0.0006360325958533833,6721,,,131.0,89.0,10545.0,2911.0
base,N_t,hurdle,osi_target_t01h,2,0.005797661247191034,0.0007402798068164723,6864,,,185.0,452.0,10808.0,2648.0
base,N_t,hurdle,osi_target_t01h,3,0.00585418960817554,0.0007297350916622928,6864,,,87.0,138.0,10824.0,2632.0
base,N_t,hurdle,osi_target_t01h,4,0.003693499805873887,0.0006518479780382389,6864,,,202.0,112.0,10825.0,2631.0
base,N_t,hurdle,osi_target_t06h,0,0.0016689851251723174,0.0003561363837342083,6624,,,172.0,935.0,10482.0,2524.0
base,N_t,hurdle,osi_target_t06h,1,0.0031274928992361577,0.0006181884342076808,6486,,,80.0,70.0,10174.0,2832.0
base,N_t,hurdle,osi_target_t06h,2,0.005938087489420809,0.000765654644479858,6624,,,172.0,172.0,10451.0,2555.0
base,N_t,hurdle,osi_target_t06h,3,0.003144171468604933,0.0005959927134822631,6624,,,154.0,147.0,10444.0,2562.0
base,N_t,hurdle,osi_target_t06h,4,0.003626263443168204,0.0006269694148291357,6624,,,109.0,189.0,10473.0,2533.0
base,N_t,hurdle,osi_target_t24h,0,0.0015914167435166653,0.0003617598496599316,5760,,,128.0,368.0,9164.0,2133.0
base,N_t,hurdle,osi_target_t24h,1,0.0033014178149026177,0.0006517764766314804,5640,,,111.0,102.0,8810.0,2487.0
base,N_t,hurdle,osi_target_t24h,2,0.006259820588079917,0.0008112482951828796,5760,,,199.0,253.0,9054.0,2243.0
base,N_t,hurdle,osi_target_t24h,3,0.002400058365029038,0.0005650862539367948,5760,,,95.0,144.0,9083.0,2214.0
base,N_t,hurdle,osi_target_t24h,4,0.0038095518668670916,0.0006454084133110262,5760,,,160.0,134.0,9077.0,2220.0
base,N_t,hurdle,osi_target_t48h,0,0.0014367899616650472,0.0002505533230524996,4608,,,80.0,632.0,7041.0,1628.0
base,N_t,hurdle,osi_target_t48h,1,0.002372503999889217,0.00046991128004008053,4512,,,94.0,20.0,6722.0,1947.0
base,N_t,hurdle,osi_target_t48h,2,0.006336618980753542,0.0006897798865229942,4608,,,115.0,542.0,6969.0,1700.0
base,N_t,hurdle,osi_target_t48h,3,0.0020265804953539172,0.0005095064732759323,4608,,,122.0,8.0,7000.0,1669.0
base,N_t,hurdle,osi_target_t48h,4,0.002734677897563769,0.00042644413862471316,4608,,,115.0,180.0,6944.0,1725.0
base,D_t,l2,osi_target_t01h,0,0.010282553637607862,0.004147045748615825,6864,280.0,,,,,
base,D_t,l2,osi_target_t01h,1,0.015256295067641595,0.005593673605025479,6721,202.0,,,,,
base,D_t,l2,osi_target_t01h,2,0.018834209525865283,0.006277046827891194,6864,239.0,,,,,
base,D_t,l2,osi_target_t01h,3,0.022614949125621224,0.005725936790461911,6864,651.0,,,,,
base,D_t,l2,osi_target_t01h,4,0.016399196248361152,0.004911661639405116,6864,392.0,,,,,
base,D_t,l2,osi_target_t06h,0,0.00995014886504839,0.004147343693323139,6624,137.0,,,,,
base,D_t,l2,osi_target_t06h,1,0.015255006800440542,0.005476382309941832,6486,167.0,,,,,
base,D_t,l2,osi_target_t06h,2,0.01856108892734326,0.006165192577975334,6624,582.0,,,,,
base,D_t,l2,osi_target_t06h,3,0.02120954843026232,0.005590205304766087,6624,211.0,,,,,
base,D_t,l2,osi_target_t06h,4,0.013632934608725727,0.004671188694960512,6624,194.0,,,,,
base,D_t,l2,osi_target_t24h,0,0.006885378156272365,0.0030915450331620883,5760,142.0,,,,,
base,D_t,l2,osi_target_t24h,1,0.01231316338316397,0.005421112060872019,5640,10.0,,,,,
base,D_t,l2,osi_target_t24h,2,0.017905678571291335,0.005841820629513957,5760,358.0,,,,,
base,D_t,l2,osi_target_t24h,3,0.00822911235394404,0.0042375523100124,5760,43.0,,,,,
base,D_t,l2,osi_target_t24h,4,0.009573150249869497,0.003647823085210612,5760,443.0,,,,,
base,D_t,l2,osi_target_t48h,0,0.005502413406925533,0.002606667504465949,4608,229.0,,,,,
base,D_t,l2,osi_target_t48h,1,0.008283429553680364,0.003744308563220699,4512,15.0,,,,,
base,D_t,l2,osi_target_t48h,2,0.01766884289396775,0.004987042894012323,4608,787.0,,,,,
base,D_t,l2,osi_target_t48h,3,0.007244202027281752,0.0034561232064984734,4608,33.0,,,,,
base,D_t,l2,osi_target_t48h,4,0.009855806784372015,0.003280774507735782,4608,180.0,,,,,
base,D_t,weighted_l2,osi_target_t01h,0,0.010186761248446731,0.004328187889768964,6864,352.0,0.045552919599999984,,,,
base,D_t,weighted_l2,osi_target_t01h,1,0.01568185588725225,0.005931004748138283,6721,442.0,0.04453943925,,,,
base,D_t,weighted_l2,osi_target_t01h,2,0.017955292255229512,0.0064253854707272,6864,119.0,0.0429755666,,,,
base,D_t,weighted_l2,osi_target_t01h,3,0.02314382602843743,0.006188865021563317,6864,245.0,0.04804944279999996,,,,
base,D_t,weighted_l2,osi_target_t01h,4,0.01679356484465095,0.00531015862513075,6864,127.0,0.04393089479999998,,,,
base,D_t,weighted_l2,osi_target_t06h,0,0.01039016644015562,0.004822123327829682,6624,133.0,0.038910470999999835,,,,
base,D_t,weighted_l2,osi_target_t06h,1,0.015755624069023148,0.005943695471196717,6486,113.0,0.037407975999999996,,,,
base,D_t,weighted_l2,osi_target_t06h,2,0.018557406647622232,0.006360553182316545,6624,215.0,0.03575997899999987,,,,
base,D_t,weighted_l2,osi_target_t06h,3,0.022136698301593025,0.006076551871950439,6624,180.0,0.040035972699999936,,,,
base,D_t,weighted_l2,osi_target_t06h,4,0.013336442661591483,0.005016413641608011,6624,507.0,0.037254300099999985,,,,
base,D_t,weighted_l2,osi_target_t24h,0,0.006809177057092986,0.0032649501009441423,5760,660.0,0.023282400449999973,,,,
base,D_t,weighted_l2,osi_target_t24h,1,0.012698872212826832,0.0077493381637107955,5640,12.0,0.02259195664999997,,,,
base,D_t,weighted_l2,osi_target_t24h,2,0.018727553072925653,0.006099451884679903,5760,428.0,0.021771828149999995,,,,
base,D_t,weighted_l2,osi_target_t24h,3,0.009999304011406834,0.004844112007195146,5760,980.0,0.02449626554999999,,,,
base,D_t,weighted_l2,osi_target_t24h,4,0.010261683274381435,0.003951754675270241,5760,325.0,0.022685149699999997,,,,
base,D_t,weighted_l2,osi_target_t48h,0,0.007041710408302023,0.0037498081920574657,4608,56.0,0.016273621749999998,,,,
base,D_t,weighted_l2,osi_target_t48h,1,0.008503429209526502,0.003773606315979582,4512,49.0,0.015708379650000003,,,,
base,D_t,weighted_l2,osi_target_t48h,2,0.01813445851080476,0.0052866587129473406,4608,166.0,0.0149105565,,,,
base,D_t,weighted_l2,osi_target_t48h,3,0.007955499485636336,0.004918459814346464,4608,26.0,0.01555112225,,,,
base,D_t,weighted_l2,osi_target_t48h,4,0.009270093092735772,0.0034476361584115994,4608,232.0,0.01573007075,,,,
base,R_t,tweedie,osi_target_t01h,0,0.002308775670450174,0.0006436122984831275,6864,305.0,,,,,
base,R_t,tweedie,osi_target_t01h,1,0.003242044687222272,0.000853907521678709,6721,123.0,,,,,
base,R_t,tweedie,osi_target_t01h,2,0.00528679376013048,0.0009534898423077014,6864,200.0,,,,,
base,R_t,tweedie,osi_target_t01h,3,0.004754436348907113,0.0009973990416929767,6864,104.0,,,,,
base,R_t,tweedie,osi_target_t01h,4,0.004116612481935473,0.0009292593973449331,6864,108.0,,,,,
base,R_t,tweedie,osi_target_t06h,0,0.0023016238852386446,0.0006494847199391971,6624,202.0,,,,,
base,R_t,tweedie,osi_target_t06h,1,0.0031694934575677704,0.0008205788523050913,6486,151.0,,,,,
base,R_t,tweedie,osi_target_t06h,2,0.0053574327496917745,0.0009787541320021203,6624,93.0,,,,,
base,R_t,tweedie,osi_target_t06h,3,0.004641363906807359,0.00095966304937985,6624,96.0,,,,,
base,R_t,tweedie,osi_target_t06h,4,0.004010590852403438,0.0008601443718595067,6624,121.0,,,,,
base,R_t,tweedie,osi_target_t24h,0,0.0015526623623900314,0.00047312592420388705,5760,156.0,,,,,
base,R_t,tweedie,osi_target_t24h,1,0.0027792266258214195,0.0007125184819278178,5640,80.0,,,,,
base,R_t,tweedie,osi_target_t24h,2,0.005544831259819764,0.0008950938995341533,5760,169.0,,,,,
base,R_t,tweedie,osi_target_t24h,3,0.0024573697682118956,0.0006868332882271076,5760,91.0,,,,,
base,R_t,tweedie,osi_target_t24h,4,0.0036600012714781303,0.0007387183977129517,5760,94.0,,,,,
base,R_t,tweedie,osi_target_t48h,0,0.0013799097503838145,0.0003790527106213118,4608,115.0,,,,,
base,R_t,tweedie,osi_target_t48h,1,0.002325234259337181,0.0005579325088141296,4512,72.0,,,,,
base,R_t,tweedie,osi_target_t48h,2,0.005520265881972537,0.0008135270420444802,4608,97.0,,,,,
base,R_t,tweedie,osi_target_t48h,3,0.002195847709386829,0.0006060551492822838,4608,27.0,,,,,
base,R_t,tweedie,osi_target_t48h,4,0.003351180361294348,0.0005807092186439325,4608,148.0,,,,,
base,R_t,hurdle,osi_target_t01h,0,0.002341403311569922,0.0006423341145981953,6864,,,182.0,230.0,13511.0,3367.0
base,R_t,hurdle,osi_target_t01h,1,0.0033302951075717827,0.0008528937813461931,6721,,,165.0,99.0,13261.0,3617.0
base,R_t,hurdle,osi_target_t01h,2,0.005337404258008252,0.0009718291865965822,6864,,,200.0,109.0,13720.0,3158.0
base,R_t,hurdle,osi_target_t01h,3,0.0049119302628739285,0.0009420966093498759,6864,,,130.0,168.0,13575.0,3303.0
base,R_t,hurdle,osi_target_t01h,4,0.004138389380053227,0.0008904257291436011,6864,,,261.0,114.0,13445.0,3433.0
base,R_t,hurdle,osi_target_t06h,0,0.0023523322875336405,0.0006367494395756631,6624,,,154.0,136.0,13006.0,3230.0
base,R_t,hurdle,osi_target_t06h,1,0.00325829691282371,0.0008161574691638591,6486,,,150.0,115.0,12757.0,3479.0
base,R_t,hurdle,osi_target_t06h,2,0.005399902036491419,0.0009470699540456209,6624,,,233.0,97.0,13205.0,3031.0
base,R_t,hurdle,osi_target_t06h,3,0.004785155936274107,0.0008846935695484825,6624,,,168.0,154.0,13059.0,3177.0
base,R_t,hurdle,osi_target_t06h,4,0.004084157012213478,0.0008598404367182705,6624,,,159.0,80.0,12917.0,3319.0
base,R_t,hurdle,osi_target_t24h,0,0.001543038438259516,0.0004395645251417346,5760,,,232.0,130.0,10921.0,2631.0
base,R_t,hurdle,osi_target_t24h,1,0.0027980159486057058,0.0007760968157171124,5640,,,166.0,10.0,10623.0,2929.0
base,R_t,hurdle,osi_target_t24h,2,0.00551937588597465,0.0008611306346150734,5760,,,172.0,260.0,10999.0,2553.0
base,R_t,hurdle,osi_target_t24h,3,0.0024474237203789767,0.0006897044129442979,5760,,,134.0,51.0,10910.0,2642.0
base,R_t,hurdle,osi_target_t24h,4,0.0036607172746209384,0.0007096351016589435,5760,,,247.0,140.0,10755.0,2797.0
base,R_t,hurdle,osi_target_t48h,0,0.0013717267027635353,0.0003432478904481069,4608,,,137.0,119.0,8417.0,2007.0
base,R_t,hurdle,osi_target_t48h,1,0.002351889023241993,0.0005564174881735525,4512,,,132.0,43.0,8150.0,2274.0
base,R_t,hurdle,osi_target_t48h,2,0.0055326573120960875,0.0007964995780759929,4608,,,168.0,244.0,8455.0,1969.0
base,R_t,hurdle,osi_target_t48h,3,0.0021868981801232107,0.0005897153192395384,4608,,,95.0,11.0,8398.0,2026.0
base,R_t,hurdle,osi_target_t48h,4,0.0033658165566228995,0.0005881058982006664,4608,,,118.0,50.0,8276.0,2148.0
profile,P_t,huber,osi_target_t01h,0,0.010635431112328113,0.004382610768418005,6864,147.0,,,,,
profile,P_t,huber,osi_target_t01h,1,0.017902302283878867,0.006649431429297914,6721,43.0,,,,,
profile,P_t,huber,osi_target_t01h,2,0.02132622527287108,0.00637682990964132,6864,243.0,,,,,
profile,P_t,huber,osi_target_t01h,3,0.024883186296690153,0.0062736554736861905,6864,388.0,,,,,
profile,P_t,huber,osi_target_t01h,4,0.018107559271220118,0.005315663420338585,6864,464.0,,,,,
profile,P_t,huber,osi_target_t06h,0,0.01003419223602118,0.00409479839336387,6624,175.0,,,,,
profile,P_t,huber,osi_target_t06h,1,0.01611632772145248,0.006288249653144934,6486,31.0,,,,,
profile,P_t,huber,osi_target_t06h,2,0.021342355110316277,0.00618464237725567,6624,700.0,,,,,
profile,P_t,huber,osi_target_t06h,3,0.018406063227646482,0.005864075059149462,6624,109.0,,,,,
profile,P_t,huber,osi_target_t06h,4,0.014037012394295686,0.004550265450177921,6624,425.0,,,,,
profile,P_t,huber,osi_target_t24h,0,0.0072623761816696854,0.0033064122967526636,5760,200.0,,,,,
profile,P_t,huber,osi_target_t24h,1,0.013864039910463023,0.005419435049972291,5640,11.0,,,,,
profile,P_t,huber,osi_target_t24h,2,0.021325308751725926,0.006223579425128105,5760,537.0,,,,,
profile,P_t,huber,osi_target_t24h,3,0.009670007052530537,0.00466355121153808,5760,38.0,,,,,
profile,P_t,huber,osi_target_t24h,4,0.012581153945877013,0.003939594660852042,5760,409.0,,,,,
profile,P_t,huber,osi_target_t48h,0,0.005839088224029521,0.0027538466486961527,4608,309.0,,,,,
profile,P_t,huber,osi_target_t48h,1,0.009201763583898181,0.003625101105273769,4512,15.0,,,,,
profile,P_t,huber,osi_target_t48h,2,0.02129203356542522,0.005001619337303464,4608,447.0,,,,,
profile,P_t,huber,osi_target_t48h,3,0.008187540302486472,0.003617723885454371,4608,25.0,,,,,
profile,P_t,huber,osi_target_t48h,4,0.01119973635401045,0.0032023406399754374,4608,180.0,,,,,
profile,P_t,l2,osi_target_t01h,0,0.010455175768402953,0.004318221940123138,6864,145.0,,,,,
profile,P_t,l2,osi_target_t01h,1,0.017902518150128187,0.0066494652449825735,6721,43.0,,,,,
profile,P_t,l2,osi_target_t01h,2,0.02111265899212515,0.00646894633268624,6864,216.0,,,,,
profile,P_t,l2,osi_target_t01h,3,0.024883186296690153,0.0062736554736861905,6864,388.0,,,,,
profile,P_t,l2,osi_target_t01h,4,0.018032749618359895,0.005179557755657967,6864,140.0,,,,,
profile,P_t,l2,osi_target_t06h,0,0.01003419223602118,0.00409479839336387,6624,175.0,,,,,
profile,P_t,l2,osi_target_t06h,1,0.01611632772145248,0.006288249653144934,6486,31.0,,,,,
profile,P_t,l2,osi_target_t06h,2,0.021342355110316277,0.00618464237725567,6624,700.0,,,,,
profile,P_t,l2,osi_target_t06h,3,0.018406063227646482,0.005864075059149462,6624,109.0,,,,,
profile,P_t,l2,osi_target_t06h,4,0.014037012394295686,0.004550265450177921,6624,425.0,,,,,
profile,P_t,l2,osi_target_t24h,0,0.0072623761816696854,0.0033064122967526636,5760,200.0,,,,,
profile,P_t,l2,osi_target_t24h,1,0.013864039910463023,0.005419435049972291,5640,11.0,,,,,
profile,P_t,l2,osi_target_t24h,2,0.021325308751725926,0.006223579425128105,5760,537.0,,,,,
profile,P_t,l2,osi_target_t24h,3,0.009670007052530537,0.00466355121153808,5760,38.0,,,,,
profile,P_t,l2,osi_target_t24h,4,0.012581153945877013,0.003939594660852042,5760,409.0,,,,,
profile,P_t,l2,osi_target_t48h,0,0.005839088224029521,0.0027538466486961527,4608,309.0,,,,,
profile,P_t,l2,osi_target_t48h,1,0.009201763583898181,0.003625101105273769,4512,15.0,,,,,
profile,P_t,l2,osi_target_t48h,2,0.02129203356542522,0.005001619337303464,4608,447.0,,,,,
profile,P_t,l2,osi_target_t48h,3,0.008187540302486472,0.003617723885454371,4608,25.0,,,,,
profile,P_t,l2,osi_target_t48h,4,0.01119973635401045,0.0032023406399754374,4608,180.0,,,,,
profile,P_t,weighted_l2,osi_target_t01h,0,0.011078233856727503,0.005221829479641599,6864,95.0,0.042559359799999946,,,,
profile,P_t,weighted_l2,osi_target_t01h,1,0.019115979080066584,0.007566474500012806,6721,67.0,0.04184933575,,,,
profile,P_t,weighted_l2,osi_target_t01h,2,0.020985911413387192,0.007046111385669252,6864,101.0,0.040003796199999886,,,,
profile,P_t,weighted_l2,osi_target_t01h,3,0.025201777957023767,0.007127754184657411,6864,352.0,0.043476921999999994,,,,
profile,P_t,weighted_l2,osi_target_t01h,4,0.017758312849094893,0.00569488645344767,6864,232.0,0.04180986039999986,,,,
profile,P_t,weighted_l2,osi_target_t06h,0,0.010488648393438632,0.004625199458376044,6624,206.0,0.03566994304999992,,,,
profile,P_t,weighted_l2,osi_target_t06h,1,0.016857156656725897,0.007200160247370805,6486,55.0,0.034185903499999996,,,,
profile,P_t,weighted_l2,osi_target_t06h,2,0.021321484994462993,0.006582310624930913,6624,315.0,0.03200717899999994,,,,
profile,P_t,weighted_l2,osi_target_t06h,3,0.019378800079981558,0.006950106936503101,6624,112.0,0.03607305154999982,,,,
profile,P_t,weighted_l2,osi_target_t06h,4,0.013607441346579405,0.0048144701213706665,6624,180.0,0.03441929,,,,
profile,P_t,weighted_l2,osi_target_t24h,0,0.008200218721881041,0.004085679664337917,5760,112.0,0.02316009814999999,,,,
profile,P_t,weighted_l2,osi_target_t24h,1,0.01406915911219074,0.007417325236290005,5640,17.0,0.022516476299999987,,,,
profile,P_t,weighted_l2,osi_target_t24h,2,0.022227082627412846,0.006833200974743909,5760,416.0,0.021759778599999988,,,,
profile,P_t,weighted_l2,osi_target_t24h,3,0.011228743367117553,0.0070704322586188405,5760,27.0,0.023205545499999997,,,,
profile,P_t,weighted_l2,osi_target_t24h,4,0.012574834669862592,0.00434986279698102,5760,144.0,0.022708591899999995,,,,
profile,P_t,weighted_l2,osi_target_t48h,0,0.006513834566290913,0.0031848512944951837,4608,161.0,0.014525994,,,,
profile,P_t,weighted_l2,osi_target_t48h,1,0.009226135972718428,0.004191161639892092,4512,35.0,0.01425066785000005,,,,
profile,P_t,weighted_l2,osi_target_t48h,2,0.02153765250960224,0.005264159011338627,4608,284.0,0.01271782075,,,,
profile,P_t,weighted_l2,osi_target_t48h,3,0.009016521550946479,0.00548553548739697,4608,20.0,0.0141162935,,,,
profile,P_t,weighted_l2,osi_target_t48h,4,0.010828208552049998,0.0035617542949647404,4608,98.0,0.0141162935,,,,
profile,N_t,huber,osi_target_t01h,0,0.0018272438969408416,0.0006830316477831176,6864,29.0,,,,,
profile,N_t,huber,osi_target_t01h,1,0.0032289028363569608,0.0009678586397276141,6721,300.0,,,,,
profile,N_t,huber,osi_target_t01h,2,0.005709028717089789,0.0009624527595448327,6864,136.0,,,,,
profile,N_t,huber,osi_target_t01h,3,0.005619560937010833,0.0010005079947636197,6864,191.0,,,,,
profile,N_t,huber,osi_target_t01h,4,0.003597887803314823,0.0008801596973115052,6864,238.0,,,,,
profile,N_t,huber,osi_target_t06h,0,0.0018197588570296663,0.0006678847694796284,6624,31.0,,,,,
profile,N_t,huber,osi_target_t06h,1,0.003083286744418122,0.0008301487469339646,6486,96.0,,,,,
profile,N_t,huber,osi_target_t06h,2,0.005789527774684287,0.000973786911325321,6624,414.0,,,,,
profile,N_t,huber,osi_target_t06h,3,0.003157073912855031,0.0008504565884140101,6624,25.0,,,,,
profile,N_t,huber,osi_target_t06h,4,0.0035798459576605185,0.0008367030733920493,6624,85.0,,,,,
profile,N_t,huber,osi_target_t24h,0,0.0016929879748121823,0.0006472438767721008,5760,27.0,,,,,
profile,N_t,huber,osi_target_t24h,1,0.003232680736981393,0.0009465913946735589,5640,160.0,,,,,
profile,N_t,huber,osi_target_t24h,2,0.006103324015185435,0.0010438285211870602,5760,435.0,,,,,
profile,N_t,huber,osi_target_t24h,3,0.002431022566982618,0.0008294219811183504,5760,21.0,,,,,
profile,N_t,huber,osi_target_t24h,4,0.0037475725677970024,0.0008730262226619782,5760,84.0,,,,,
profile,N_t,huber,osi_target_t48h,0,0.0015672359893615076,0.0004822571010370703,4608,123.0,,,,,
profile,N_t,huber,osi_target_t48h,1,0.002337449164554854,0.0006103307887830881,4512,47.0,,,,,
profile,N_t,huber,osi_target_t48h,2,0.006276775488364542,0.0008941048099875069,4608,696.0,,,,,
profile,N_t,huber,osi_target_t48h,3,0.0020275170260869316,0.0006406607431270898,4608,14.0,,,,,
profile,N_t,huber,osi_target_t48h,4,0.0027749179741085265,0.0006427138834959362,4608,63.0,,,,,
profile,N_t,tweedie,osi_target_t01h,0,0.001633505144675981,0.000385699081248305,6864,302.0,,,,,
profile,N_t,tweedie,osi_target_t01h,1,0.0032807795080933995,0.0006386682504588415,6721,144.0,,,,,
profile,N_t,tweedie,osi_target_t01h,2,0.005827176379691089,0.0007796029756588773,6864,124.0,,,,,
profile,N_t,tweedie,osi_target_t01h,3,0.005822203076066842,0.0007652335513828642,6864,79.0,,,,,
profile,N_t,tweedie,osi_target_t01h,4,0.003654022653312077,0.0006492607375105015,6864,191.0,,,,,
profile,N_t,tweedie,osi_target_t06h,0,0.001679127134248409,0.000371936837636834,6624,401.0,,,,,
profile,N_t,tweedie,osi_target_t06h,1,0.003123828735886548,0.0006358226395661973,6486,89.0,,,,,
profile,N_t,tweedie,osi_target_t06h,2,0.0059394188388853,0.0008000102233186445,6624,89.0,,,,,
profile,N_t,tweedie,osi_target_t06h,3,0.0031128772165133324,0.000605553559697277,6624,194.0,,,,,
profile,N_t,tweedie,osi_target_t06h,4,0.003599247284805533,0.000627663284105969,6624,239.0,,,,,
profile,N_t,tweedie,osi_target_t24h,0,0.0015374603048822363,0.00037296933559699834,5760,280.0,,,,,
profile,N_t,tweedie,osi_target_t24h,1,0.003274840477024118,0.000657742161822188,5640,121.0,,,,,
profile,N_t,tweedie,osi_target_t24h,2,0.006201364149479156,0.0008119068509614589,5760,204.0,,,,,
profile,N_t,tweedie,osi_target_t24h,3,0.0023700388209668176,0.0006245696677517302,5760,72.0,,,,,
profile,N_t,tweedie,osi_target_t24h,4,0.0037900654540237435,0.0006637221815277919,5760,129.0,,,,,
profile,N_t,tweedie,osi_target_t48h,0,0.0013991090933954899,0.00027710611180648204,4608,184.0,,,,,
profile,N_t,tweedie,osi_target_t48h,1,0.0023632777812411785,0.000468384944427822,4512,54.0,,,,,
profile,N_t,tweedie,osi_target_t48h,2,0.006393579192691856,0.000702284730596056,4608,245.0,,,,,
profile,N_t,tweedie,osi_target_t48h,3,0.0020139768196976208,0.0004980406898560731,4608,38.0,,,,,
profile,N_t,tweedie,osi_target_t48h,4,0.0026854181977700674,0.00044464657459888923,4608,110.0,,,,,
profile,N_t,hurdle,osi_target_t01h,0,0.0017507222565365055,0.00042958886674320017,6864,,,87.0,77.0,10822.0,2634.0
profile,N_t,hurdle,osi_target_t01h,1,0.00338643829513742,0.0006365311934092546,6721,,,113.0,103.0,10545.0,2911.0
profile,N_t,hurdle,osi_target_t01h,2,0.00586157359056834,0.00075486738018422,6864,,,209.0,204.0,10808.0,2648.0
profile,N_t,hurdle,osi_target_t01h,3,0.0058524960714275015,0.0007440453936394701,6864,,,115.0,82.0,10824.0,2632.0
profile,N_t,hurdle,osi_target_t01h,4,0.0036759502677337547,0.0006402943951722453,6864,,,156.0,167.0,10825.0,2631.0
profile,N_t,hurdle,osi_target_t06h,0,0.001759912616798284,0.0004028798595515807,6624,,,115.0,105.0,10482.0,2524.0
profile,N_t,hurdle,osi_target_t06h,1,0.003132805138128871,0.0006176713258721977,6486,,,84.0,71.0,10174.0,2832.0
profile,N_t,hurdle,osi_target_t06h,2,0.005949922895290578,0.0007613256534049244,6624,,,150.0,175.0,10451.0,2555.0
profile,N_t,hurdle,osi_target_t06h,3,0.00315130785273218,0.0006289629916423536,6624,,,148.0,87.0,10444.0,2562.0
profile,N_t,hurdle,osi_target_t06h,4,0.0036146478074903774,0.0006122159481511146,6624,,,178.0,343.0,10473.0,2533.0
profile,N_t,hurdle,osi_target_t24h,0,0.0015925676772406165,0.0003610611936742239,5760,,,159.0,286.0,9164.0,2133.0
profile,N_t,hurdle,osi_target_t24h,1,0.003298560175380439,0.000642908875137317,5640,,,115.0,116.0,8810.0,2487.0
profile,N_t,hurdle,osi_target_t24h,2,0.0062782229847635025,0.0008275038552089522,5760,,,205.0,114.0,9054.0,2243.0
profile,N_t,hurdle,osi_target_t24h,3,0.0024119415154480518,0.0006174350684608246,5760,,,94.0,35.0,9083.0,2214.0
profile,N_t,hurdle,osi_target_t24h,4,0.003825583028481866,0.0006579914021798164,5760,,,147.0,67.0,9077.0,2220.0
profile,N_t,hurdle,osi_target_t48h,0,0.001503538072581398,0.0002690383116342715,4608,,,112.0,208.0,7041.0,1628.0
profile,N_t,hurdle,osi_target_t48h,1,0.002377390194581498,0.00047058138106506706,4512,,,87.0,20.0,6722.0,1947.0
profile,N_t,hurdle,osi_target_t48h,2,0.006375722621466658,0.0006925589962561023,4608,,,95.0,590.0,6969.0,1700.0
profile,N_t,hurdle,osi_target_t48h,3,0.0020241352963038667,0.0005122967419274882,4608,,,120.0,6.0,7000.0,1669.0
profile,N_t,hurdle,osi_target_t48h,4,0.002731151546922894,0.00042211983188226456,4608,,,114.0,279.0,6944.0,1725.0
profile,D_t,huber,osi_target_t01h,0,0.010120242961209617,0.004289370304016625,6864,119.0,,,,,
profile,D_t,huber,osi_target_t01h,1,0.01593277730609125,0.005736737617864703,6721,324.0,,,,,
profile,D_t,huber,osi_target_t01h,2,0.019049931526317287,0.0061784909700076055,6864,590.0,,,,,
profile,D_t,huber,osi_target_t01h,3,0.02223718152265541,0.005786397510858232,6864,260.0,,,,,
profile,D_t,huber,osi_target_t01h,4,0.017042219282949227,0.004885611464782928,6864,353.0,,,,,
profile,D_t,huber,osi_target_t06h,0,0.00990179443013431,0.003974957638534561,6624,174.0,,,,,
profile,D_t,huber,osi_target_t06h,1,0.01593532742995204,0.006339614547334433,6486,36.0,,,,,
profile,D_t,huber,osi_target_t06h,2,0.018756786268305032,0.006035289465804596,6624,560.0,,,,,
profile,D_t,huber,osi_target_t06h,3,0.020724595957862836,0.005814610820601445,6624,417.0,,,,,
profile,D_t,huber,osi_target_t06h,4,0.012783940315183259,0.00467225838110532,6624,345.0,,,,,
profile,D_t,huber,osi_target_t24h,0,0.006570167682675121,0.0030882854152038675,5760,180.0,,,,,
profile,D_t,huber,osi_target_t24h,1,0.012462932701286518,0.005298182142879424,5640,14.0,,,,,
profile,D_t,huber,osi_target_t24h,2,0.01892944668283235,0.005771445716489141,5760,578.0,,,,,
profile,D_t,huber,osi_target_t24h,3,0.008043399800534855,0.004172690165574431,5760,47.0,,,,,
profile,D_t,huber,osi_target_t24h,4,0.009726169685283266,0.0034578299565312157,5760,316.0,,,,,
profile,D_t,huber,osi_target_t48h,0,0.0055389667330872465,0.00274571994601243,4608,349.0,,,,,
profile,D_t,huber,osi_target_t48h,1,0.008331008570331061,0.0036898278496474346,4512,14.0,,,,,
profile,D_t,huber,osi_target_t48h,2,0.018399996461283083,0.004949379150531199,4608,578.0,,,,,
profile,D_t,huber,osi_target_t48h,3,0.007469392052749076,0.0037033621958428836,4608,21.0,,,,,
profile,D_t,huber,osi_target_t48h,4,0.009764605254424056,0.0031258629897271194,4608,191.0,,,,,
profile,D_t,l2,osi_target_t01h,0,0.010120242961209617,0.004289370304016625,6864,119.0,,,,,
profile,D_t,l2,osi_target_t01h,1,0.01593277730609125,0.005736737617864703,6721,324.0,,,,,
profile,D_t,l2,osi_target_t01h,2,0.019049931526317287,0.0061784909700076055,6864,590.0,,,,,
profile,D_t,l2,osi_target_t01h,3,0.02223718152265541,0.005786397510858232,6864,260.0,,,,,
profile,D_t,l2,osi_target_t01h,4,0.017042219282949227,0.004885611464782928,6864,353.0,,,,,
profile,D_t,l2,osi_target_t06h,0,0.00990179443013431,0.003974957638534561,6624,174.0,,,,,
profile,D_t,l2,osi_target_t06h,1,0.01593532742995204,0.006339614547334433,6486,36.0,,,,,
profile,D_t,l2,osi_target_t06h,2,0.018756786268305032,0.006035289465804596,6624,560.0,,,,,
profile,D_t,l2,osi_target_t06h,3,0.020724595957862836,0.005814610820601445,6624,417.0,,,,,
profile,D_t,l2,osi_target_t06h,4,0.012783940315183259,0.00467225838110532,6624,345.0,,,,,
profile,D_t,l2,osi_target_t24h,0,0.006570167682675121,0.0030882854152038675,5760,180.0,,,,,
profile,D_t,l2,osi_target_t24h,1,0.012462932701286518,0.005298182142879424,5640,14.0,,,,,
profile,D_t,l2,osi_target_t24h,2,0.01892944668283235,0.005771445716489141,5760,578.0,,,,,
profile,D_t,l2,osi_target_t24h,3,0.008043399800534855,0.004172690165574431,5760,47.0,,,,,
profile,D_t,l2,osi_target_t24h,4,0.009726169685283266,0.0034578299565312157,5760,316.0,,,,,
profile,D_t,l2,osi_target_t48h,0,0.0055389667330872465,0.00274571994601243,4608,349.0,,,,,
profile,D_t,l2,osi_target_t48h,1,0.008331008570331061,0.0036898278496474346,4512,14.0,,,,,
profile,D_t,l2,osi_target_t48h,2,0.018399996461283083,0.004949379150531199,4608,578.0,,,,,
profile,D_t,l2,osi_target_t48h,3,0.007469392052749076,0.0037033621958428836,4608,21.0,,,,,
profile,D_t,l2,osi_target_t48h,4,0.009764605254424056,0.0031258629897271194,4608,191.0,,,,,
profile,D_t,weighted_l2,osi_target_t01h,0,0.00995362476076792,0.00455935975691314,6864,183.0,0.045552919599999984,,,,
profile,D_t,weighted_l2,osi_target_t01h,1,0.01587838915455338,0.005990882930428184,6721,435.0,0.04453943925,,,,
profile,D_t,weighted_l2,osi_target_t01h,2,0.01872471335256483,0.006815901189550629,6864,60.0,0.0429755666,,,,
profile,D_t,weighted_l2,osi_target_t01h,3,0.02230776797594643,0.0062947995105690786,6864,650.0,0.04804944279999996,,,,
profile,D_t,weighted_l2,osi_target_t01h,4,0.017688530027981132,0.005244756889675947,6864,440.0,0.04393089479999998,,,,
profile,D_t,weighted_l2,osi_target_t06h,0,0.010310127145547745,0.0047278997136809145,6624,99.0,0.038910470999999835,,,,
profile,D_t,weighted_l2,osi_target_t06h,1,0.016667734724577377,0.00633456069649795,6486,129.0,0.037407975999999996,,,,
profile,D_t,weighted_l2,osi_target_t06h,2,0.01848937059761672,0.006259471237075688,6624,140.0,0.03575997899999987,,,,
profile,D_t,weighted_l2,osi_target_t06h,3,0.02177122845908396,0.0065232419164597735,6624,469.0,0.040035972699999936,,,,
profile,D_t,weighted_l2,osi_target_t06h,4,0.012837449359540547,0.004775544021608049,6624,131.0,0.037254300099999985,,,,
profile,D_t,weighted_l2,osi_target_t24h,0,0.006848656424242834,0.003320446591859839,5760,658.0,0.023282400449999973,,,,
profile,D_t,weighted_l2,osi_target_t24h,1,0.012738903041352114,0.0044969651678717845,5640,125.0,0.02259195664999997,,,,
profile,D_t,weighted_l2,osi_target_t24h,2,0.01939777888602832,0.006095868061740616,5760,580.0,0.021771828149999995,,,,
profile,D_t,weighted_l2,osi_target_t24h,3,0.010437956980131667,0.005753428442537249,5760,64.0,0.02449626554999999,,,,
profile,D_t,weighted_l2,osi_target_t24h,4,0.010091358997445184,0.003834098179030437,5760,273.0,0.022685149699999997,,,,
profile,D_t,weighted_l2,osi_target_t48h,0,0.006003964369218808,0.003154838778479948,4608,1259.0,0.016273621749999998,,,,
profile,D_t,weighted_l2,osi_target_t48h,1,0.008431739436923932,0.00325454034849751,4512,159.0,0.015708379650000003,,,,
profile,D_t,weighted_l2,osi_target_t48h,2,0.01858616519706466,0.005043450457239287,4608,172.0,0.0149105565,,,,
profile,D_t,weighted_l2,osi_target_t48h,3,0.008415243357944517,0.005501185892054079,4608,20.0,0.01555112225,,,,
profile,D_t,weighted_l2,osi_target_t48h,4,0.009419262267243654,0.0033777474337930535,4608,214.0,0.01573007075,,,,
profile,R_t,huber,osi_target_t01h,0,0.0023957558934065834,0.0009620479818423416,6864,37.0,,,,,
profile,R_t,huber,osi_target_t01h,1,0.003179561628973466,0.0010804518040157774,6721,138.0,,,,,
profile,R_t,huber,osi_target_t01h,2,0.0052942469213947425,0.0011754122709460551,6864,143.0,,,,,
profile,R_t,huber,osi_target_t01h,3,0.00482525863137075,0.0012961412731346434,6864,76.0,,,,,
profile,R_t,huber,osi_target_t01h,4,0.003949670750076503,0.0011052438954714352,6864,296.0,,,,,
profile,R_t,huber,osi_target_t06h,0,0.0023643054346656717,0.0009216638848203813,6624,39.0,,,,,
profile,R_t,huber,osi_target_t06h,1,0.0031356095782884173,0.0010392854248297927,6486,105.0,,,,,
profile,R_t,huber,osi_target_t06h,2,0.005315423018198885,0.001117653304698462,6624,100.0,,,,,
profile,R_t,huber,osi_target_t06h,3,0.004810417088227347,0.0012434727848231533,6624,54.0,,,,,
profile,R_t,huber,osi_target_t06h,4,0.003868238284664624,0.0010742593173057005,6624,187.0,,,,,
profile,R_t,huber,osi_target_t24h,0,0.001618995204020367,0.000732155126509581,5760,22.0,,,,,
profile,R_t,huber,osi_target_t24h,1,0.0027913388160282705,0.0009684148955558886,5640,111.0,,,,,
profile,R_t,huber,osi_target_t24h,2,0.005485812280605631,0.001087319782713945,5760,168.0,,,,,
profile,R_t,huber,osi_target_t24h,3,0.002496775792650998,0.0009403841488025425,5760,12.0,,,,,
profile,R_t,huber,osi_target_t24h,4,0.003592576961559713,0.0008919276962750056,5760,91.0,,,,,
profile,R_t,huber,osi_target_t48h,0,0.0014640288298873867,0.0006211615850070623,4608,19.0,,,,,
profile,R_t,huber,osi_target_t48h,1,0.0022777884916038013,0.0007317994155780791,4512,50.0,,,,,
profile,R_t,huber,osi_target_t48h,2,0.005495239724524755,0.0009862137285502038,4608,116.0,,,,,
profile,R_t,huber,osi_target_t48h,3,0.0022058633422145577,0.0007444722985823183,4608,14.0,,,,,
profile,R_t,huber,osi_target_t48h,4,0.0033876736343966944,0.0007891945582383925,4608,100.0,,,,,
profile,R_t,tweedie,osi_target_t01h,0,0.002300345687534014,0.0006510343277247848,6864,225.0,,,,,
profile,R_t,tweedie,osi_target_t01h,1,0.0032210893281504503,0.000828390978655145,6721,209.0,,,,,
profile,R_t,tweedie,osi_target_t01h,2,0.005327608389211639,0.0009801835124450787,6864,133.0,,,,,
profile,R_t,tweedie,osi_target_t01h,3,0.00480001060437783,0.0009843264737308512,6864,111.0,,,,,
profile,R_t,tweedie,osi_target_t01h,4,0.004122533800847529,0.0009157578013868206,6864,106.0,,,,,
profile,R_t,tweedie,osi_target_t06h,0,0.0022954646642624646,0.000650348301471438,6624,156.0,,,,,
profile,R_t,tweedie,osi_target_t06h,1,0.003170899843185794,0.0008133392529212537,6486,170.0,,,,,
profile,R_t,tweedie,osi_target_t06h,2,0.0053784154871808045,0.0009655239413203731,6624,108.0,,,,,
profile,R_t,tweedie,osi_target_t06h,3,0.004725483494392935,0.0009477829979591349,6624,101.0,,,,,
profile,R_t,tweedie,osi_target_t06h,4,0.004030952893360502,0.0008671835121270239,6624,87.0,,,,,
profile,R_t,tweedie,osi_target_t24h,0,0.0015667077160948918,0.00046945411263159487,5760,162.0,,,,,
profile,R_t,tweedie,osi_target_t24h,1,0.002753043350487666,0.0006957487421735383,5640,110.0,,,,,
profile,R_t,tweedie,osi_target_t24h,2,0.005535140058812823,0.00089525647120013,5760,135.0,,,,,
profile,R_t,tweedie,osi_target_t24h,3,0.0024364347602507034,0.0006633448183645216,5760,144.0,,,,,
profile,R_t,tweedie,osi_target_t24h,4,0.0036521349455896925,0.0007127934430833683,5760,118.0,,,,,
profile,R_t,tweedie,osi_target_t48h,0,0.0013888495359894878,0.00035891999566324144,4608,170.0,,,,,
profile,R_t,tweedie,osi_target_t48h,1,0.0023357089905704535,0.0005452415422411644,4512,87.0,,,,,
profile,R_t,tweedie,osi_target_t48h,2,0.005540198996242392,0.0008103570083092082,4608,90.0,,,,,
profile,R_t,tweedie,osi_target_t48h,3,0.002193451023295872,0.0005870589971058806,4608,41.0,,,,,
profile,R_t,tweedie,osi_target_t48h,4,0.0033694279179957804,0.0005734686129455974,4608,138.0,,,,,
profile,R_t,hurdle,osi_target_t01h,0,0.002370495854375424,0.0006418527306929826,6864,,,178.0,310.0,13511.0,3367.0
profile,R_t,hurdle,osi_target_t01h,1,0.003288170837266242,0.0008486630596194043,6721,,,200.0,120.0,13261.0,3617.0
profile,R_t,hurdle,osi_target_t01h,2,0.005339790762889527,0.0009552317208166482,6864,,,285.0,186.0,13720.0,3158.0
profile,R_t,hurdle,osi_target_t01h,3,0.004960152174163041,0.0009479114323428605,6864,,,134.0,145.0,13575.0,3303.0
profile,R_t,hurdle,osi_target_t01h,4,0.004132792878053669,0.0008997465862097006,6864,,,195.0,111.0,13445.0,3433.0
profile,R_t,hurdle,osi_target_t06h,0,0.002408717660922263,0.0006380763995885984,6624,,,157.0,147.0,13006.0,3230.0
profile,R_t,hurdle,osi_target_t06h,1,0.0032420146091388896,0.0007992606243271921,6486,,,130.0,178.0,12757.0,3479.0
profile,R_t,hurdle,osi_target_t06h,2,0.005386443291847383,0.000929010423061686,6624,,,252.0,149.0,13205.0,3031.0
profile,R_t,hurdle,osi_target_t06h,3,0.004795937057161655,0.0009046840976737248,6624,,,153.0,102.0,13059.0,3177.0
profile,R_t,hurdle,osi_target_t06h,4,0.0040923704884818805,0.0008576714894133185,6624,,,309.0,86.0,12917.0,3319.0
profile,R_t,hurdle,osi_target_t24h,0,0.0015586401127469483,0.00043128386999204615,5760,,,146.0,245.0,10921.0,2631.0
profile,R_t,hurdle,osi_target_t24h,1,0.0027953635898944184,0.0007820859131668348,5640,,,199.0,10.0,10623.0,2929.0
profile,R_t,hurdle,osi_target_t24h,2,0.005562829356472625,0.0008937432827048175,5760,,,168.0,114.0,10999.0,2553.0
profile,R_t,hurdle,osi_target_t24h,3,0.002465671691860067,0.0007027562012591627,5760,,,89.0,35.0,10910.0,2642.0
profile,R_t,hurdle,osi_target_t24h,4,0.0036620782326999193,0.0007082459786524635,5760,,,176.0,115.0,10755.0,2797.0
profile,R_t,hurdle,osi_target_t48h,0,0.0013812410522707872,0.0003467367127643562,4608,,,133.0,119.0,8417.0,2007.0
profile,R_t,hurdle,osi_target_t48h,1,0.0023539488981540336,0.0005753021729676877,4512,,,142.0,18.0,8150.0,2274.0
profile,R_t,hurdle,osi_target_t48h,2,0.005552764174770311,0.0008039848893339571,4608,,,98.0,139.0,8455.0,1969.0
profile,R_t,hurdle,osi_target_t48h,3,0.0021848985591483966,0.0005953743134678066,4608,,,88.0,8.0,8398.0,2026.0
profile,R_t,hurdle,osi_target_t48h,4,0.0033703803430730124,0.0005767370735705272,4608,,,121.0,79.0,8276.0,2148.0
